run,pasm_mode,t_s,a_lat_kin_g,roll_angle_deg
1,Normal,592.175,-0.685249,-3.45978
1,Normal,592.215,-0.692222,-3.87663
1,Normal,592.255,-0.693224,-4.34888
1,Normal,592.295,-0.691128,-4.5118
1,Normal,592.335,-0.689604,-4.27656
1,Normal,592.375,-0.689709,-3.67606
1,Normal,592.415,-0.692271,-2.8775
1,Normal,592.455,-0.695373,-2.05528
1,Normal,592.495,-0.697994,-1.35368
1,Normal,592.535,-0.703018,-0.85141
1,Normal,592.575,-0.711582,-0.819338
1,Normal,592.615,-0.718636,-1.2246
1,Normal,592.655,-0.721511,-1.95509
1,Normal,592.695,-0.724368,-2.56472
1,Normal,592.735,-0.729337,-2.69511
1,Normal,592.775,-0.732646,-2.64888
1,Normal,592.815,-0.735191,-2.74653
1,Normal,592.855,-0.740611,-2.67243
1,Normal,592.895,-0.746844,-2.59449
1,Normal,592.935,-0.752339,-2.40849
1,Normal,592.975,-0.758502,-2.09117
1,Normal,593.015,-0.761806,-1.94492
1,Normal,593.055,-0.763966,-1.95729
1,Normal,593.095,-0.764398,-2.08289
1,Normal,594.575,1.00667,-2.89588
1,Normal,594.615,1.00805,-2.12927
1,Normal,594.655,1.00025,-0.608132
1,Normal,595.415,0.39209,0.06642
1,Normal,596.535,-0.94911,1.42443
1,Normal,596.575,-0.952433,1.47118
1,Normal,596.615,-0.947593,0.556374
1,Normal,598.335,0.834293,-2.62463
1,Normal,598.375,0.843971,-3.9012
1,Normal,598.455,0.868824,-0.575073
1,Normal,598.495,0.879757,2.32183
1,Normal,598.535,0.884015,4.35414
1,Normal,598.575,0.881882,4.91967
1,Normal,598.615,0.873823,4.73639
1,Normal,598.815,0.799248,5.63656
1,Normal,598.855,0.789307,6.14885
1,Normal,598.895,0.78114,6.47341
1,Normal,598.935,0.773308,6.57111
1,Normal,598.975,0.765342,6.35397
1,Normal,600.135,-0.895997,0.156661
1,Normal,600.175,-0.902332,-0.331987
1,Normal,600.215,-0.905935,-0.146833
1,Normal,600.255,-0.908641,0.129799
1,Normal,600.295,-0.911005,0.0573495
1,Normal,600.335,-0.912359,-0.58168
1,Normal,600.375,-0.912057,-1.76641
1,Normal,600.415,-0.910438,-2.80418
1,Normal,600.455,-0.906357,-3.23086
1,Normal,600.495,-0.899072,-3.21846
1,Normal,602.855,0.763251,6.29541
1,Normal,602.895,0.766996,6.12363
1,Normal,602.935,0.764748,5.88686
1,Normal,602.975,0.760409,5.62008
1,Normal,603.015,0.757646,5.69983
1,Normal,603.055,0.757427,5.97033
1,Normal,603.095,0.760003,6.3529
1,Normal,603.135,0.767382,6.69652
1,Normal,603.335,0.841939,7.7029
1,Normal,603.375,0.85223,7.28466
1,Normal,603.415,0.858852,6.31049
1,Normal,603.455,0.863227,5.16461
1,Normal,603.495,0.867461,4.23474
1,Normal,603.535,0.874069,3.67026
1,Normal,603.575,0.881641,3.51587
1,Normal,603.615,0.890964,3.37553
1,Normal,603.775,0.941604,-0.715183
1,Normal,603.815,0.950487,-1.33846
1,Normal,603.855,0.955445,-1.23544
1,Normal,603.895,0.957952,-0.526632
1,Normal,603.935,0.960464,0.145535
1,Normal,603.975,0.964359,0.12257
1,Normal,604.015,0.970235,-0.421798
1,Normal,604.055,0.979198,-1.21482
1,Normal,604.775,0.412152,25.489
1,Normal,604.815,0.405343,28.4657
1,Normal,604.855,0.399576,32.2691
1,Normal,604.895,0.394971,33.9991
1,Normal,604.935,0.394341,31.8201
1,Normal,605.415,0.729371,0.932033
1,Normal,605.455,0.732504,2.02726
1,Normal,605.495,0.726697,3.305
1,Normal,605.535,0.716682,4.07172
1,Normal,605.575,0.706051,3.94973
1,Normal,605.615,0.70004,2.85446
1,Normal,605.655,0.704002,1.51086
1,Normal,605.855,0.784041,1.23043
1,Normal,605.895,0.793141,2.27026
1,Normal,605.935,0.801609,2.93049
1,Normal,605.975,0.809092,2.77346
1,Normal,606.015,0.814069,2.28061
1,Normal,606.055,0.815583,2.04349
1,Normal,606.095,0.81417,2.13895
1,Normal,606.135,0.80985,2.70178
1,Normal,606.175,0.806837,3.18212
1,Normal,606.215,0.810372,2.69257
1,Normal,606.255,0.819956,1.2625
1,Normal,606.335,0.847222,-0.635201
1,Normal,606.375,0.857145,0.422801
1,Normal,606.415,0.860682,2.82727
1,Normal,606.455,0.858074,5.05982
1,Normal,606.575,0.813452,4.62826
1,Normal,606.615,0.806591,3.61129
1,Normal,606.655,0.808016,3.48737
1,Normal,606.695,0.816829,3.92094
1,Normal,606.975,0.9389,-1.43289
1,Normal,607.015,0.948222,-0.305412
1,Normal,607.055,0.950145,0.901699
1,Normal,607.095,0.943464,1.72809
1,Normal,607.135,0.931484,1.96984
1,Normal,607.175,0.920681,1.6508
1,Normal,607.215,0.910866,1.69779
1,Normal,607.255,0.904033,2.11834
1,Normal,607.295,0.904529,2.59127
1,Normal,607.335,0.915653,2.48386
1,Normal,607.375,0.927994,1.97694
1,Normal,607.415,0.937433,1.05629
1,Normal,607.455,0.948955,-0.212601
1,Normal,607.495,0.956588,-1.02926
1,Normal,607.535,0.957611,-0.951502
1,Normal,607.575,0.953289,-0.223967
1,Normal,608.695,-0.669061,-2.63132
1,Normal,608.735,-0.658297,-2.08818
1,Normal,608.775,-0.649228,-2.21446
1,Normal,608.815,-0.643486,-3.04512
1,Normal,608.855,-0.643032,-4.3179
1,Normal,608.895,-0.647432,-6.1072
1,Normal,609.095,-0.721739,-3.28029
1,Normal,609.135,-0.728194,-2.48866
1,Normal,609.175,-0.729072,-3.0761
1,Normal,609.215,-0.72737,-4.11885
1,Normal,609.255,-0.728087,-4.64324
1,Normal,609.295,-0.733032,-4.35964
1,Normal,609.335,-0.738621,-3.70991
1,Normal,609.375,-0.738177,-3.46339
1,Normal,613.615,0.872948,0.468848
1,Normal,613.815,0.800805,5.21784
1,Normal,613.855,0.79245,5.22342
1,Normal,613.895,0.789429,4.33641
1,Normal,613.935,0.791939,3.33363
1,Normal,613.975,0.795837,2.97446
1,Normal,614.015,0.798444,3.17638
1,Normal,614.055,0.793863,4.46344
1,Normal,615.615,-0.710089,-4.92182
1,Normal,615.655,-0.698986,-4.83493
1,Normal,615.695,-0.688239,-5.24328
1,Normal,615.735,-0.677044,-5.95624
1,Normal,615.775,-0.667657,-6.38648
1,Normal,615.815,-0.660527,-6.40093
1,Normal,615.855,-0.655702,-6.0614
1,Normal,615.895,-0.655638,-5.33448
1,Normal,615.935,-0.661196,-4.23539
1,Normal,616.095,-0.711413,0.102236
1,Normal,616.135,-0.717285,-0.134562
1,Normal,616.175,-0.713522,-1.23109
1,Normal,616.335,-0.655478,-2.96573
1,Normal,616.615,-0.809789,1.07604
1,Normal,616.655,-0.817933,0.711981
1,Normal,616.695,-0.818033,-0.0344282
1,Normal,616.735,-0.811925,-1.20078
1,Normal,616.775,-0.803124,-2.3853
1,Normal,616.815,-0.794983,-3.33867
1,Normal,616.855,-0.786144,-4.08125
1,Normal,616.895,-0.775112,-4.59852
1,Normal,616.935,-0.764181,-4.7592
1,Normal,617.095,-0.711511,-3.35818
1,Normal,617.135,-0.70222,-3.7116
1,Normal,617.175,-0.695931,-4.22256
1,Normal,617.215,-0.691377,-4.86306
1,Normal,617.255,-0.687529,-5.19059
1,Normal,617.295,-0.684128,-4.86228
1,Normal,617.335,-0.682705,-4.11318
1,Normal,617.375,-0.684076,-3.45465
1,Normal,617.415,-0.688517,-2.86368
1,Normal,617.455,-0.696749,-2.18437
1,Normal,617.495,-0.706339,-1.39843
1,Normal,617.535,-0.716594,-0.359538
1,Normal,617.575,-0.727555,0.877205
1,Normal,617.615,-0.737052,1.67158
1,Normal,617.655,-0.74523,1.63845
1,Normal,617.695,-0.751129,0.837307
1,Normal,617.735,-0.75098,-0.861627
1,Normal,618.095,-0.494622,-3.76042
1,Normal,618.375,-0.775673,-0.67152
1,Normal,618.415,-0.773413,-2.04627
1,Normal,618.455,-0.767043,-2.02363
1,Normal,618.495,-0.766019,-0.635422
1,Normal,618.535,-0.773137,0.982111
1,Normal,618.615,-0.798395,1.26757
1,Normal,618.655,-0.807388,-0.480432
1,Normal,618.695,-0.808517,-2.56398
1,Normal,618.735,-0.803846,-4.07709
1,Normal,618.775,-0.796765,-4.74747
1,Normal,618.815,-0.787555,-4.93817
1,Normal,618.855,-0.779425,-4.49425
1,Normal,618.895,-0.774045,-3.73538
1,Normal,618.935,-0.776549,-2.64666
1,Normal,619.095,-0.841893,0.873782
1,Normal,619.135,-0.844028,-0.887618
1,Normal,619.415,-0.72289,-6.02934
1,Normal,619.455,-0.715602,-6.225
1,Normal,619.495,-0.717424,-5.96297
1,Normal,619.855,-0.859653,1.66972
1,Normal,619.895,-0.869711,1.12157
1,Normal,619.935,-0.876519,0.487581
1,Normal,619.975,-0.879492,-0.172746
1,Normal,620.015,-0.877277,-0.901099
1,Normal,620.055,-0.871717,-1.5059
1,Normal,620.095,-0.861828,-1.96489
1,Normal,620.135,-0.84992,-2.31765
1,Normal,620.175,-0.838988,-2.60754
1,Normal,620.215,-0.829701,-2.93198
1,Normal,620.255,-0.821073,-3.38352
1,Normal,620.295,-0.812616,-4.19057
1,Normal,620.335,-0.803574,-5.21708
1,Normal,620.375,-0.794818,-6.01223
1,Normal,620.415,-0.787097,-6.52615
1,Normal,620.455,-0.778798,-6.82954
1,Normal,620.495,-0.772534,-6.85914
1,Normal,620.535,-0.76843,-7.02273
1,Normal,620.575,-0.767916,-6.98764
1,Normal,620.615,-0.770646,-6.50873
1,Normal,620.655,-0.776003,-5.6934
1,Normal,620.695,-0.783781,-4.71757
1,Normal,620.735,-0.791958,-3.67636
1,Normal,620.775,-0.801001,-3.02238
1,Normal,620.815,-0.807657,-2.8632
1,Normal,620.855,-0.810232,-3.09519
1,Normal,620.895,-0.81063,-3.30856
1,Normal,620.935,-0.808491,-3.31628
1,Normal,620.975,-0.804652,-3.00605
1,Normal,621.015,-0.802588,-2.53011
1,Normal,621.055,-0.799405,-2.73451
1,Normal,621.095,-0.793671,-3.82238
1,Normal,621.455,-0.503899,-9.45026
1,Normal,622.135,-0.690338,-5.16554
1,Normal,622.175,-0.683945,-4.99487
1,Normal,622.215,-0.683382,-4.8913
1,Normal,622.255,-0.686143,-4.82616
1,Normal,622.295,-0.688838,-4.55691
1,Normal,622.335,-0.686705,-4.1274
1,Normal,623.255,-0.575838,-4.04853
1,Normal,623.815,-0.881134,-0.565546
1,Normal,623.855,-0.883413,-0.570565
1,Normal,623.895,-0.883813,-0.232663
1,Normal,623.935,-0.881721,-0.331227
1,Normal,623.975,-0.874199,-1.09902
1,Normal,624.255,-0.728551,-9.12796
1,Normal,624.295,-0.725698,-8.18131
1,Normal,624.335,-0.723971,-7.17735
1,Normal,624.375,-0.721276,-6.21437
1,Normal,624.415,-0.717297,-5.31099
1,Normal,624.455,-0.713428,-4.80957
1,Normal,624.495,-0.711528,-4.68955
1,Normal,624.535,-0.712751,-4.67674
1,Normal,624.575,-0.715237,-4.74221
1,Normal,624.615,-0.714111,-5.1145
1,Normal,625.655,1.20987,-12.2776
1,Normal,625.695,1.20539,-15.8093
1,Normal,625.735,1.20125,-18.4999
1,Normal,625.775,1.19809,-18.3671
1,Normal,625.815,1.19869,-15.8013
1,Normal,625.855,1.20725,-12.9469
1,Normal,625.975,1.24776,-13.7523
1,Normal,627.695,-0.858884,-0.693951
1,Normal,627.735,-0.866886,0.0507608
1,Normal,627.775,-0.872477,-0.145311
1,Normal,627.815,-0.87159,-1.80792
1,Normal,627.855,-0.866002,-3.91829
1,Normal,628.055,-0.792768,-6.3581
1,Normal,628.095,-0.785192,-5.87598
1,Normal,628.135,-0.784409,-5.64158
1,Normal,628.175,-0.787602,-5.3083
1,Normal,628.215,-0.792046,-5.08969
1,Normal,628.255,-0.797681,-5.11787
1,Normal,628.295,-0.805439,-4.95961
1,Normal,628.335,-0.813806,-4.41562
1,Normal,628.375,-0.821435,-3.74209
1,Normal,628.415,-0.828037,-2.9985
1,Normal,628.455,-0.829745,-2.54262
1,Normal,628.495,-0.826383,-2.53486
1,Normal,628.535,-0.819866,-2.82941
1,Normal,628.575,-0.812301,-3.14827
1,Normal,628.615,-0.808627,-3.17962
1,Normal,628.655,-0.812627,-2.68548
1,Normal,628.815,-0.872288,-1.94683
1,Normal,628.855,-0.875971,-3.32556
1,Normal,629.855,1.06497,-8.72009
1,Normal,629.895,1.06975,-6.08605
1,Normal,630.095,0.997324,-3.86491
1,Normal,633.375,-0.363771,-17.8526
1,Normal,633.415,-0.364678,-15.7878
1,Normal,634.855,-0.78648,-1.18348
1,Normal,634.895,-0.782629,-2.60032
1,Normal,635.135,-0.691068,-4.77912
1,Normal,635.175,-0.687364,-3.03632
1,Normal,635.215,-0.685658,-1.72371
1,Normal,635.255,-0.685935,-1.31451
1,Normal,635.295,-0.688366,-1.78447
1,Normal,635.335,-0.692072,-2.95477
1,Normal,635.375,-0.699841,-4.32882
1,Normal,635.695,-0.852885,-1.53982
1,Normal,635.735,-0.860215,-1.82839
1,Normal,635.775,-0.864118,-1.66907
1,Normal,635.815,-0.865814,-1.45731
1,Normal,635.855,-0.864021,-1.48849
1,Normal,635.895,-0.860496,-1.86258
1,Normal,635.935,-0.854996,-2.76518
1,Normal,635.975,-0.84457,-3.90647
1,Normal,636.855,0.8298,-1.68667
1,Normal,637.095,0.93655,0.6047
1,Normal,637.135,0.943014,-1.73499
1,Normal,638.655,-0.627077,-4.35108
1,Normal,638.695,-0.62815,-5.56363
1,Normal,638.735,-0.623492,-5.57176
1,Normal,638.775,-0.618904,-4.05767
1,Normal,638.815,-0.616283,-1.74439
1,Normal,638.855,-0.616805,-0.376485
1,Normal,638.895,-0.616269,-0.89482
1,Normal,638.935,-0.61268,-2.38976
1,Normal,638.975,-0.604899,-4.24645
1,Normal,639.015,-0.59742,-5.85638
1,Normal,639.055,-0.593455,-6.51263
1,Normal,639.095,-0.595533,-6.17165
1,Normal,639.655,-0.903617,2.06843
1,Normal,639.695,-0.905889,0.508251
1,Normal,639.735,-0.899251,-1.46883
1,Normal,639.935,-0.834794,-1.44343
1,Normal,639.975,-0.831535,-0.793008
1,Normal,640.015,-0.834261,-0.952347
1,Normal,640.055,-0.841252,-1.46877
1,Normal,640.095,-0.846794,-2.35446
1,Normal,640.135,-0.845537,-3.52211
1,Normal,640.495,-0.688853,-8.29426
1,Normal,640.535,-0.67829,-8.26974
1,Normal,640.575,-0.671825,-8.81958
1,Normal,640.615,-0.668769,-9.6752
1,Normal,640.655,-0.671333,-10.3232
1,Normal,640.695,-0.678644,-10.2045
1,Normal,640.735,-0.688081,-9.01879
1,Normal,640.775,-0.693873,-7.2613
1,Normal,640.815,-0.689936,-5.51005
1,Normal,641.895,-0.692645,-1.20956
1,Normal,641.935,-0.692247,-1.76229
1,Normal,641.975,-0.687222,-2.20732
1,Normal,642.015,-0.680834,-2.07892
1,Normal,642.055,-0.677578,-1.32695
1,Normal,642.095,-0.677852,-0.308953
1,Normal,642.135,-0.680016,-0.0423585
1,Normal,642.175,-0.682624,-0.93928
1,Normal,642.215,-0.6849,-2.57781
1,Normal,642.255,-0.687906,-3.80891
1,Normal,642.295,-0.690236,-4.43431
1,Normal,642.335,-0.692745,-4.56247
1,Normal,642.375,-0.697384,-4.28944
1,Normal,642.415,-0.702145,-4.1603
1,Normal,642.455,-0.708939,-4.40853
1,Normal,642.495,-0.718952,-4.51511
1,Normal,642.535,-0.728832,-4.39287
1,Normal,642.575,-0.737528,-4.12381
1,Normal,642.615,-0.744935,-3.92863
1,Normal,642.655,-0.748854,-3.89019
1,Normal,642.695,-0.750331,-3.92021
1,Normal,642.735,-0.747502,-4.17533
1,Normal,642.775,-0.741561,-4.48698
1,Normal,642.815,-0.733782,-4.65317
1,Normal,642.855,-0.72313,-4.84817
1,Normal,642.895,-0.713313,-5.04535
1,Normal,642.935,-0.708209,-4.74309
1,Normal,642.975,-0.707219,-3.90455
1,Normal,643.015,-0.708703,-3.06767
1,Normal,643.055,-0.712736,-2.26366
1,Normal,643.095,-0.718318,-1.5215
1,Normal,643.135,-0.722464,-1.28421
2,Sport+,1006.52,-0.654566,-2.42495
2,Sport+,1006.56,-0.659733,-1.74683
2,Sport+,1006.68,-0.700919,-3.80698
2,Sport+,1006.72,-0.708949,-4.65203
2,Sport+,1006.76,-0.714422,-4.84413
2,Sport+,1006.8,-0.719606,-4.42529
2,Sport+,1006.84,-0.721891,-3.71961
2,Sport+,1006.88,-0.722142,-3.02127
2,Sport+,1006.92,-0.718501,-2.77878
2,Sport+,1006.96,-0.714452,-3.01623
2,Sport+,1007,-0.710796,-3.56854
2,Sport+,1007.04,-0.707695,-4.03
2,Sport+,1007.08,-0.708721,-4.0822
2,Sport+,1007.12,-0.707555,-4.03257
2,Sport+,1007.16,-0.708253,-3.76613
2,Sport+,1007.2,-0.712864,-3.44645
2,Sport+,1007.24,-0.719803,-3.10795
2,Sport+,1007.28,-0.726281,-2.91144
2,Sport+,1007.32,-0.731773,-2.94052
2,Sport+,1007.36,-0.735969,-3.04296
2,Sport+,1007.4,-0.736662,-3.28613
2,Sport+,1007.44,-0.734388,-3.47373
2,Sport+,1007.48,-0.729175,-3.81976
2,Sport+,1007.52,-0.720161,-3.76142
2,Sport+,1007.56,-0.710953,-3.60054
2,Sport+,1007.6,-0.70294,-3.3103
2,Sport+,1008.96,1.04665,-2.76599
2,Sport+,1009,1.05167,-1.7062
2,Sport+,1009.04,1.04486,-1.71817
2,Sport+,1009.08,1.03564,-1.65081
2,Sport+,1009.12,1.0277,-1.82246
2,Sport+,1010.88,-0.822905,-1.54701
2,Sport+,1010.92,-0.818734,-1.44851
2,Sport+,1010.96,-0.813527,-1.80329
2,Sport+,1011,-0.812002,-1.89152
2,Sport+,1011.04,-0.809472,-2.09832
2,Sport+,1011.08,-0.808511,-2.49625
2,Sport+,1011.12,-0.809134,-2.74523
2,Sport+,1011.16,-0.807298,-3.02232
2,Sport+,1011.2,-0.800493,-3.57956
2,Sport+,1011.4,-0.724228,-6.15861
2,Sport+,1011.44,-0.715708,-5.61632
2,Sport+,1011.48,-0.710488,-4.94321
2,Sport+,1011.52,-0.705878,-4.34609
2,Sport+,1011.56,-0.70386,-3.49313
2,Sport+,1011.6,-0.700319,-3.07118
2,Sport+,1011.64,-0.699175,-2.84752
2,Sport+,1011.68,-0.697267,-2.50211
2,Sport+,1011.72,-0.695899,-2.35402
2,Sport+,1011.76,-0.699129,-2.11163
2,Sport+,1011.8,-0.70362,-1.7934
2,Sport+,1011.84,-0.708919,-1.20061
2,Sport+,1011.88,-0.714359,-0.429644
2,Sport+,1012.76,0.824352,-3.82913
2,Sport+,1012.8,0.83001,-2.22812
2,Sport+,1012.84,0.828053,1.93839
2,Sport+,1012.96,0.789051,6.66358
2,Sport+,1013,0.780367,4.8174
2,Sport+,1013.04,0.78253,2.7126
2,Sport+,1013.08,0.791614,1.75185
2,Sport+,1013.12,0.801819,1.86285
2,Sport+,1013.16,0.810063,2.58287
2,Sport+,1013.2,0.817196,2.6844
2,Sport+,1013.24,0.823524,2.48464
2,Sport+,1013.28,0.833832,1.49476
2,Sport+,1013.4,0.869126,0.641157
2,Sport+,1013.44,0.873667,1.52598
2,Sport+,1013.48,0.874122,2.58307
2,Sport+,1013.52,0.868056,3.66192
2,Sport+,1013.56,0.856978,4.17391
2,Sport+,1014.24,-0.981455,-1.41835
2,Sport+,1014.28,-0.980933,1.41112
2,Sport+,1014.32,-0.976724,3.66198
2,Sport+,1014.48,-0.927304,-3.80781
2,Sport+,1014.52,-0.925137,-3.05356
2,Sport+,1014.96,-0.963763,4.32372
2,Sport+,1015,-0.959867,3.00462
2,Sport+,1015.04,-0.949974,0.89895
2,Sport+,1015.08,-0.940282,-0.678618
2,Sport+,1015.68,0.936932,4.93378
2,Sport+,1017.72,0.78967,5.57842
2,Sport+,1017.76,0.799557,5.12108
2,Sport+,1017.8,0.806589,4.49534
2,Sport+,1017.84,0.813126,4.30628
2,Sport+,1017.88,0.819307,4.98618
2,Sport+,1017.92,0.825417,5.83113
2,Sport+,1017.96,0.827185,6.40565
2,Sport+,1018,0.825742,6.42559
2,Sport+,1018.16,0.774318,7.70854
2,Sport+,1018.2,0.767877,7.55197
2,Sport+,1018.24,0.770347,6.26637
2,Sport+,1018.28,0.778027,4.80224
2,Sport+,1018.44,0.841964,3.17056
2,Sport+,1018.48,0.852755,3.63274
2,Sport+,1018.52,0.857804,3.91008
2,Sport+,1018.56,0.865975,3.60293
2,Sport+,1018.6,0.872154,2.72962
2,Sport+,1018.64,0.875939,1.7715
2,Sport+,1018.68,0.882766,0.878264
2,Sport+,1018.72,0.890683,0.778421
2,Sport+,1018.76,0.902354,1.08917
2,Sport+,1018.8,0.910812,1.9169
2,Sport+,1018.84,0.917738,2.47965
2,Sport+,1018.88,0.920902,2.35658
2,Sport+,1018.92,0.91672,2.72159
2,Sport+,1018.96,0.908972,3.97585
2,Sport+,1019,0.89772,5.93289
2,Sport+,1019.04,0.889528,7.36183
2,Sport+,1019.08,0.884196,7.70015
2,Sport+,1019.12,0.880953,6.38179
2,Sport+,1019.16,0.875759,4.27932
2,Sport+,1019.2,0.870801,2.58155
2,Sport+,1019.36,0.814037,10.0265
2,Sport+,1019.4,0.808298,10.4509
2,Sport+,1019.44,0.809469,9.28702
2,Sport+,1019.48,0.818184,7.19875
2,Sport+,1019.56,0.84358,5.59536
2,Sport+,1019.6,0.849612,6.1019
2,Sport+,1019.64,0.848376,6.55845
2,Sport+,1019.84,0.771357,4.5005
2,Sport+,1019.88,0.763374,4.61411
2,Sport+,1019.92,0.763863,4.24138
2,Sport+,1020.04,0.805068,1.15924
2,Sport+,1020.08,0.812117,1.85394
2,Sport+,1020.12,0.811647,3.59339
2,Sport+,1020.16,0.809591,5.01721
2,Sport+,1020.2,0.802133,6.00028
2,Sport+,1020.24,0.792106,6.04829
2,Sport+,1020.28,0.78315,5.35369
2,Sport+,1020.32,0.778913,4.11761
2,Sport+,1020.36,0.775839,3.50518
2,Sport+,1020.4,0.771999,3.7861
2,Sport+,1020.44,0.769594,4.2131
2,Sport+,1020.48,0.764953,4.92105
2,Sport+,1020.52,0.759775,4.63212
2,Sport+,1020.56,0.752407,3.68102
2,Sport+,1020.6,0.747926,2.68354
2,Sport+,1020.64,0.747093,1.88452
2,Sport+,1020.68,0.748917,1.74265
2,Sport+,1020.72,0.75836,2.39849
2,Sport+,1020.8,0.78547,2.15756
2,Sport+,1020.84,0.795301,2.05353
2,Sport+,1020.88,0.803867,2.07751
2,Sport+,1020.92,0.809958,2.18419
2,Sport+,1020.96,0.81655,2.09114
2,Sport+,1021,0.825599,1.74183
2,Sport+,1021.04,0.832859,1.33223
2,Sport+,1021.08,0.842981,1.15968
2,Sport+,1021.12,0.852983,1.3942
2,Sport+,1021.16,0.860745,2.09172
2,Sport+,1021.2,0.864073,2.81143
2,Sport+,1021.24,0.869854,2.98234
2,Sport+,1021.28,0.874011,2.39222
2,Sport+,1021.56,0.999522,-2.31177
2,Sport+,1021.6,1.00786,-2.16833
2,Sport+,1021.64,1.01161,-2.32705
2,Sport+,1021.68,1.01465,-2.49827
2,Sport+,1021.72,1.01414,-2.29414
2,Sport+,1021.76,1.01045,-1.73765
2,Sport+,1021.8,1.00963,-1.22752
2,Sport+,1021.84,1.00943,-0.4737
2,Sport+,1021.88,1.00369,0.427683
2,Sport+,1022.24,0.833721,7.56183
2,Sport+,1022.28,0.827385,6.83444
2,Sport+,1022.32,0.825784,5.72655
2,Sport+,1022.36,0.827737,4.64972
2,Sport+,1022.4,0.828839,4.19546
2,Sport+,1022.44,0.828602,4.44362
2,Sport+,1022.48,0.8248,5.23536
2,Sport+,1022.52,0.817215,6.30197
2,Sport+,1022.56,0.806428,7.66306
2,Sport+,1023.32,-0.742287,-3.53591
2,Sport+,1023.68,-0.620095,-3.93983
2,Sport+,1023.72,-0.610385,-3.98956
2,Sport+,1023.76,-0.607236,-4.22365
2,Sport+,1023.8,-0.611246,-3.81475
2,Sport+,1023.96,-0.661016,-1.33316
2,Sport+,1024,-0.665171,-2.12009
2,Sport+,1024.04,-0.664862,-2.7536
2,Sport+,1024.08,-0.660515,-2.70712
2,Sport+,1024.12,-0.655347,-2.14014
2,Sport+,1029.6,-0.849621,-1.0594
2,Sport+,1029.64,-0.848463,-1.52592
2,Sport+,1029.68,-0.840955,-2.29529
2,Sport+,1029.72,-0.830195,-2.96461
2,Sport+,1029.76,-0.82073,-3.27863
2,Sport+,1029.8,-0.809619,-3.75059
2,Sport+,1029.84,-0.802579,-4.43137
2,Sport+,1029.88,-0.791566,-4.76776
2,Sport+,1030.2,-0.637458,-6.07636
2,Sport+,1030.24,-0.635768,-4.41057
2,Sport+,1030.28,-0.640318,-3.2531
2,Sport+,1030.84,-0.922685,3.18234
2,Sport+,1030.88,-0.919244,2.46686
2,Sport+,1030.92,-0.909073,1.19745
2,Sport+,1030.96,-0.897605,-0.0907781
2,Sport+,1031.44,-0.607472,-11.6486
2,Sport+,1031.48,-0.605712,-10.9373
2,Sport+,1031.52,-0.614873,-8.97283
2,Sport+,1031.96,-0.84011,-1.55061
2,Sport+,1032,-0.846021,-1.81689
2,Sport+,1032.04,-0.846466,-0.805568
2,Sport+,1032.08,-0.845682,0.863869
2,Sport+,1032.12,-0.841431,2.03457
2,Sport+,1032.16,-0.83393,1.87136
2,Sport+,1032.2,-0.825353,0.395057
2,Sport+,1032.24,-0.818453,-1.66276
2,Sport+,1032.28,-0.812756,-3.69813
2,Sport+,1032.32,-0.807557,-5.07282
2,Sport+,1032.36,-0.802402,-5.70472
2,Sport+,1032.4,-0.802513,-5.58466
2,Sport+,1032.44,-0.798544,-5.74029
2,Sport+,1032.48,-0.795047,-4.95672
2,Sport+,1032.52,-0.797685,-3.19676
2,Sport+,1032.56,-0.804335,-0.932212
2,Sport+,1032.68,-0.844399,1.23989
2,Sport+,1032.72,-0.852385,-1.05363
2,Sport+,1032.88,-0.794788,-5.70464
2,Sport+,1032.92,-0.796537,-3.27248
2,Sport+,1033.12,-0.907315,0.00444417
2,Sport+,1033.16,-0.910999,-0.642092
2,Sport+,1033.4,-0.790628,-4.81607
2,Sport+,1033.6,-0.876467,-2.20775
2,Sport+,1033.64,-0.874122,-2.32766
2,Sport+,1033.84,-0.774183,-6.59118
2,Sport+,1033.88,-0.773527,-7.41556
2,Sport+,1034.04,-0.846531,-1.4692
2,Sport+,1034.08,-0.84602,-2.12697
2,Sport+,1034.16,-0.821116,-3.87682
2,Sport+,1034.2,-0.813155,-3.52536
2,Sport+,1034.4,-0.898958,-1.62751
2,Sport+,1034.44,-0.90491,-2.59343
2,Sport+,1034.48,-0.902591,-3.33844
2,Sport+,1034.52,-0.898997,-3.01151
2,Sport+,1034.56,-0.897095,-1.51799
2,Sport+,1034.6,-0.898113,0.0173237
2,Sport+,1034.64,-0.904877,1.08248
2,Sport+,1034.68,-0.914469,1.6785
2,Sport+,1034.72,-0.924203,1.60323
2,Sport+,1034.76,-0.928325,1.03815
2,Sport+,1034.8,-0.924041,0.0514959
2,Sport+,1034.96,-0.871611,-5.76185
2,Sport+,1035,-0.870417,-6.45053
2,Sport+,1035.12,-0.909664,-2.89037
2,Sport+,1035.16,-0.918025,-2.82145
2,Sport+,1035.6,-0.662963,-11.7788
2,Sport+,1035.64,-0.657734,-10.4195
2,Sport+,1035.68,-0.660484,-8.77861
2,Sport+,1037.2,-0.916584,1.21856
2,Sport+,1037.24,-0.919316,0.246375
2,Sport+,1037.56,-0.685577,-9.59355
2,Sport+,1037.6,-0.684664,-9.69591
2,Sport+,1037.8,-0.763913,-1.95935
2,Sport+,1037.84,-0.773337,-1.82682
2,Sport+,1037.88,-0.777898,-2.36313
2,Sport+,1037.92,-0.780146,-2.74001
2,Sport+,1037.96,-0.784057,-2.40313
2,Sport+,1038,-0.790861,-2.01331
2,Sport+,1038.04,-0.793881,-1.83666
2,Sport+,1038.08,-0.796033,-1.48598
2,Sport+,1038.12,-0.79398,-1.489
2,Sport+,1038.16,-0.787556,-1.73707
2,Sport+,1038.2,-0.777893,-1.82962
2,Sport+,1038.24,-0.766712,-1.84637
2,Sport+,1038.28,-0.7553,-2.27826
2,Sport+,1038.32,-0.746521,-3.01136
2,Sport+,1038.36,-0.740196,-3.6684
2,Sport+,1038.4,-0.733865,-4.83776
2,Sport+,1039.32,1.07378,-4.35996
2,Sport+,1039.36,1.07652,-2.08409
2,Sport+,1039.4,1.07322,-1.40853
2,Sport+,1039.52,1.03709,-6.21404
2,Sport+,1039.56,1.02847,-7.01591
2,Sport+,1039.6,1.02542,-6.75867
2,Sport+,1039.64,1.02737,-5.19732
2,Sport+,1039.68,1.03325,-3.13411
2,Sport+,1039.72,1.02872,-0.877371
2,Sport+,1040.2,0.757775,11.0339
2,Sport+,1040.24,0.758312,8.67026
2,Sport+,1040.28,0.762255,7.14733
2,Sport+,1041.16,-1.04143,7.14178
2,Sport+,1041.2,-1.0385,7.7702
2,Sport+,1041.24,-1.03843,8.16907
2,Sport+,1041.28,-1.0448,9.03471
2,Sport+,1041.32,-1.05619,9.25824
2,Sport+,1041.36,-1.067,7.69255
2,Sport+,1041.4,-1.06968,5.16042
2,Sport+,1041.56,-1.01738,3.03722
2,Sport+,1041.6,-1.01331,5.07069
2,Sport+,1041.64,-1.01476,5.81934
2,Sport+,1041.68,-1.01671,5.22919
2,Sport+,1041.72,-1.01929,3.79189
2,Sport+,1041.76,-1.02253,3.60472
2,Sport+,1041.8,-1.03007,5.42507
2,Sport+,1041.84,-1.03783,8.09437
2,Sport+,1041.88,-1.04819,10.2668
2,Sport+,1041.92,-1.05707,10.7484
2,Sport+,1041.96,-1.06583,9.52341
2,Sport+,1042,-1.07353,7.73888
2,Sport+,1042.04,-1.08419,6.70981
2,Sport+,1042.08,-1.09181,6.88459
2,Sport+,1042.12,-1.09785,8.50282
2,Sport+,1042.16,-1.098,10.5148
2,Sport+,1042.2,-1.0874,11.7946
2,Sport+,1043.08,0.349385,-34.0086
2,Sport+,1043.84,1.02706,-7.03931
2,Sport+,1043.88,1.02254,-6.03901
2,Sport+,1043.92,1.01675,-5.19589
2,Sport+,1043.96,1.01196,-4.70164
2,Sport+,1044,1.00792,-4.82375
2,Sport+,1046,-0.669754,-4.19487
2,Sport+,1046.04,-0.669004,-4.11693
2,Sport+,1046.08,-0.666655,-3.73765
2,Sport+,1046.12,-0.667265,-3.31341
2,Sport+,1046.16,-0.67345,-3.31093
2,Sport+,1046.28,-0.715154,-3.02511
2,Sport+,1046.32,-0.724011,-2.33312
2,Sport+,1046.36,-0.726953,-1.17965
2,Sport+,1046.4,-0.725153,0.376101
2,Sport+,1046.44,-0.723787,1.77029
2,Sport+,1046.48,-0.729265,2.45987
2,Sport+,1047.4,-0.644415,-16.0308
2,Sport+,1047.44,-0.640018,-16.9905
2,Sport+,1048.4,-0.790607,-0.561742
2,Sport+,1048.44,-0.787346,-2.25004
2,Sport+,1048.56,-0.736775,-10.2562
2,Sport+,1048.6,-0.730266,-9.80255
2,Sport+,1048.64,-0.732948,-7.29882
2,Sport+,1048.68,-0.743617,-4.29833
2,Sport+,1048.72,-0.754031,-2.41911
2,Sport+,1048.76,-0.760343,-2.99596
2,Sport+,1048.8,-0.760515,-5.28606
2,Sport+,1048.96,-0.707499,-8.46232
2,Sport+,1049,-0.702743,-5.83172
2,Sport+,1049.04,-0.7064,-3.92776
2,Sport+,1049.08,-0.710073,-3.55813
2,Sport+,1049.12,-0.717813,-3.74221
2,Sport+,1049.16,-0.722118,-3.94934
2,Sport+,1049.2,-0.728606,-3.74135
2,Sport+,1049.24,-0.738243,-2.84724
2,Sport+,1049.28,-0.75164,-1.85587
2,Sport+,1049.32,-0.760874,-1.44597
2,Sport+,1049.36,-0.770116,-1.32112
2,Sport+,1049.4,-0.773605,-1.74785
2,Sport+,1049.44,-0.76991,-2.35247
2,Sport+,1049.48,-0.763377,-2.6086
2,Sport+,1049.52,-0.755167,-2.73703
2,Sport+,1049.56,-0.749452,-2.83254
2,Sport+,1049.6,-0.743698,-2.76657
2,Sport+,1049.64,-0.742485,-2.77879
2,Sport+,1049.68,-0.735617,-3.11137
2,Sport+,1050.6,0.816945,4.42127
2,Sport+,1050.64,0.818559,4.71174
2,Sport+,1050.68,0.814858,4.16629
2,Sport+,1050.72,0.812934,2.7413
2,Sport+,1050.76,0.814361,1.8701
2,Sport+,1050.96,0.886537,-1.63598
2,Sport+,1051,0.893835,-2.09961
2,Sport+,1051.04,0.896612,-1.57031
2,Sport+,1051.08,0.89343,-0.64765
2,Sport+,1051.12,0.888559,0.0789205
2,Sport+,1051.16,0.889341,-0.207693
2,Sport+,1051.2,0.893636,-1.48692
2,Sport+,1051.24,0.902147,-3.11507
2,Sport+,1051.28,0.912165,-4.48579
2,Sport+,1052.16,-0.469916,-4.25103
2,Sport+,1052.44,-0.675858,0.0174519
2,Sport+,1052.48,-0.67676,-1.91807
2,Sport+,1052.52,-0.669502,-3.17258
2,Sport+,1052.56,-0.657828,-3.37765
2,Sport+,1052.6,-0.646885,-3.20608
2,Sport+,1052.64,-0.640994,-2.98607
2,Sport+,1052.68,-0.643971,-3.22742
2,Sport+,1053.24,-0.931125,3.82608
2,Sport+,1053.28,-0.935525,2.83035
2,Sport+,1053.32,-0.932027,2.18147
2,Sport+,1053.36,-0.921133,1.73283
2,Sport+,1053.4,-0.912071,1.60743
2,Sport+,1053.44,-0.907379,1.2786
2,Sport+,1053.48,-0.911304,1.27521
2,Sport+,1053.52,-0.908185,0.924624
2,Sport+,1053.96,-0.542689,-18.6591
2,Sport+,1054,-0.538152,-16.5663
2,Sport+,1054.04,-0.541319,-13.8165
2,Sport+,1054.08,-0.545047,-11.6539
2,Sport+,1054.12,-0.547105,-9.52619
2,Sport+,1054.16,-0.545312,-7.34341
2,Sport+,1054.2,-0.545664,-5.44153
2,Sport+,1054.56,-0.85961,1.11179
2,Sport+,1054.92,-0.305403,-13.0222
2,Sport+,1055.4,-0.834485,2.13326
2,Sport+,1055.44,-0.843068,1.70468
2,Sport+,1055.48,-0.84179,0.48373
2,Sport+,1055.72,-0.724125,-6.40909
2,Sport+,1055.76,-0.719187,-6.63379
2,Sport+,1055.8,-0.720866,-6.41937
2,Sport+,1055.84,-0.727729,-5.67784
2,Sport+,1055.88,-0.738153,-4.45395
2,Sport+,1055.96,-0.763142,-2.57653
2,Sport+,1056,-0.773564,-2.3868
2,Sport+,1056.04,-0.781837,-2.71852
2,Sport+,1056.08,-0.789181,-3.32092
2,Sport+,1056.12,-0.794816,-3.50378
2,Sport+,1056.16,-0.800199,-3.07892
2,Sport+,1056.2,-0.808816,-2.35604
2,Sport+,1056.24,-0.81963,-1.51089
2,Sport+,1056.28,-0.828582,-1.00067
2,Sport+,1056.32,-0.835968,-0.750292
2,Sport+,1056.36,-0.843094,-0.574823
2,Sport+,1056.4,-0.84919,-0.6803
3,Normal,1424.68,-0.65119,-3.15385
3,Normal,1424.72,-0.66105,-3.51359
3,Normal,1424.76,-0.667458,-3.75777
3,Normal,1424.8,-0.665848,-3.853
3,Normal,1424.84,-0.663114,-3.48604
3,Normal,1424.88,-0.661593,-2.53385
3,Normal,1424.92,-0.666397,-1.58454
3,Normal,1424.96,-0.675797,-1.24474
3,Normal,1425,-0.686291,-1.29264
3,Normal,1425.32,-0.711047,-2.59456
3,Normal,1425.36,-0.715106,-2.40036
3,Normal,1425.4,-0.722485,-2.08117
3,Normal,1425.44,-0.730306,-1.90311
3,Normal,1425.48,-0.74018,-1.57206
3,Normal,1425.72,-0.732459,-3.0323
3,Normal,1425.76,-0.72194,-3.14674
3,Normal,1427.08,0.926491,-0.595617
3,Normal,1427.12,0.934938,-1.65504
3,Normal,1427.16,0.944151,-2.865
3,Normal,1427.2,0.952669,-3.15971
3,Normal,1427.24,0.95825,-1.84578
3,Normal,1427.28,0.952226,0.949126
3,Normal,1427.32,0.942894,3.38305
3,Normal,1427.36,0.933814,4.18231
3,Normal,1427.4,0.922916,4.24766
3,Normal,1427.68,0.804103,9.59539
3,Normal,1427.72,0.798484,9.159
3,Normal,1427.76,0.794233,8.49678
3,Normal,1427.8,0.792049,8.22338
3,Normal,1427.84,0.788533,8.75463
3,Normal,1427.88,0.779893,9.65074
3,Normal,1428.52,-0.483462,-6.06033
3,Normal,1428.56,-0.482457,-4.65908
3,Normal,1428.6,-0.476174,-2.42484
3,Normal,1428.64,-0.469396,-0.431178
3,Normal,1428.68,-0.462894,0.250016
3,Normal,1428.72,-0.456777,-0.375514
3,Normal,1428.76,-0.453386,-0.970853
3,Normal,1428.8,-0.455535,-1.09332
3,Normal,1429.16,-0.706704,-1.26056
3,Normal,1429.2,-0.713419,-2.09547
3,Normal,1429.24,-0.717386,-2.70865
3,Normal,1429.28,-0.716042,-3.22507
3,Normal,1429.32,-0.717057,-3.2571
3,Normal,1429.36,-0.718641,-2.86096
3,Normal,1429.4,-0.720141,-3.00119
3,Normal,1429.44,-0.723792,-3.1821
3,Normal,1429.48,-0.727492,-3.16394
3,Normal,1429.52,-0.726923,-2.9021
3,Normal,1429.56,-0.726008,-2.61074
3,Normal,1429.6,-0.717025,-2.52257
3,Normal,1429.64,-0.70726,-2.71089
3,Normal,1429.68,-0.696507,-3.34593
3,Normal,1429.72,-0.689545,-3.90576
3,Normal,1429.76,-0.687166,-3.64394
3,Normal,1429.8,-0.691239,-2.74499
3,Normal,1429.84,-0.699115,-1.50252
3,Normal,1429.88,-0.710057,-0.487969
3,Normal,1429.92,-0.720397,-0.0698984
3,Normal,1429.96,-0.728365,-0.153472
3,Normal,1430,-0.737264,-0.164746
3,Normal,1430.04,-0.745846,0.0185844
3,Normal,1430.08,-0.752723,0.33337
3,Normal,1430.12,-0.757247,0.587138
3,Normal,1430.16,-0.756998,0.365601
3,Normal,1430.96,0.798581,7.95072
3,Normal,1431.04,0.774501,1.18443
3,Normal,1431.08,0.770446,-1.27413
3,Normal,1431.12,0.773183,-1.25753
3,Normal,1431.16,0.78041,1.01484
3,Normal,1431.2,0.787596,3.78426
3,Normal,1431.24,0.793622,5.35215
3,Normal,1431.28,0.800304,5.08741
3,Normal,1431.32,0.809536,3.05028
3,Normal,1431.44,0.847394,0.738211
3,Normal,1431.48,0.853752,1.71615
3,Normal,1431.52,0.855298,2.58815
3,Normal,1431.56,0.855712,2.85936
3,Normal,1431.6,0.861981,2.00392
3,Normal,1431.64,0.872127,1.21235
3,Normal,1431.72,0.898961,0.411308
3,Normal,1431.76,0.908395,0.749115
3,Normal,1431.8,0.91282,1.51594
3,Normal,1431.84,0.913101,2.2721
3,Normal,1432.52,-1.13598,7.38352
3,Normal,1432.56,-1.13151,9.53954
3,Normal,1432.6,-1.1261,10.5475
3,Normal,1433.32,-0.303142,-19.3169
3,Normal,1433.36,-0.305882,-12.9172
3,Normal,1433.6,-0.53675,0.0220277
3,Normal,1434.6,0.320509,1.78035
3,Normal,1436.16,0.932702,2.56497
3,Normal,1436.2,0.940683,2.60992
3,Normal,1436.24,0.942087,2.88421
3,Normal,1436.28,0.939623,3.21372
3,Normal,1436.32,0.935348,3.21603
3,Normal,1436.36,0.928995,3.1381
3,Normal,1436.4,0.920704,3.25838
3,Normal,1436.48,0.892606,4.71534
3,Normal,1436.52,0.883118,5.26445
3,Normal,1436.56,0.881799,5.28822
3,Normal,1436.6,0.880119,5.06807
3,Normal,1436.64,0.881426,4.39033
3,Normal,1436.68,0.880756,3.95393
3,Normal,1436.72,0.874907,4.19342
3,Normal,1436.76,0.869067,4.78162
3,Normal,1436.8,0.86285,5.94245
3,Normal,1437.2,0.697042,11.7756
3,Normal,1437.24,0.692462,13.312
3,Normal,1437.28,0.692079,14.2372
3,Normal,1437.32,0.696036,13.2636
3,Normal,1437.36,0.700214,10.864
3,Normal,1437.4,0.705091,7.98181
3,Normal,1437.44,0.708178,5.63569
3,Normal,1437.48,0.710391,4.68429
3,Normal,1437.52,0.715991,5.2304
3,Normal,1437.76,0.821998,1.54114
3,Normal,1437.8,0.823269,3.09151
3,Normal,1437.84,0.817275,4.78565
3,Normal,1437.96,0.77573,5.65833
3,Normal,1438,0.769039,4.44838
3,Normal,1438.04,0.767978,3.26758
3,Normal,1438.08,0.773921,2.03481
3,Normal,1438.28,0.863497,-0.192879
3,Normal,1438.32,0.8664,1.46328
3,Normal,1438.36,0.858692,3.68658
3,Normal,1438.56,0.785213,5.22161
3,Normal,1438.6,0.778696,3.90056
3,Normal,1438.64,0.777032,3.05973
3,Normal,1438.68,0.777702,3.19824
3,Normal,1438.72,0.777382,4.12487
3,Normal,1438.76,0.776665,4.67361
3,Normal,1438.8,0.773135,4.81605
3,Normal,1438.84,0.770056,4.61881
3,Normal,1438.88,0.766022,4.39706
3,Normal,1438.92,0.765328,4.28937
3,Normal,1438.96,0.767083,4.28148
3,Normal,1439,0.769509,4.25707
3,Normal,1439.04,0.776818,3.3829
3,Normal,1439.08,0.785435,2.26992
3,Normal,1439.16,0.810823,1.03848
3,Normal,1439.2,0.821456,1.94037
3,Normal,1439.24,0.82832,3.41048
3,Normal,1439.28,0.830963,4.42437
3,Normal,1439.32,0.835013,4.4519
3,Normal,1439.36,0.842361,3.3219
3,Normal,1439.4,0.848781,1.94466
3,Normal,1439.44,0.854301,1.167
3,Normal,1439.48,0.863111,0.779343
3,Normal,1439.52,0.874099,0.736191
3,Normal,1439.56,0.883465,1.14073
3,Normal,1439.6,0.893013,1.15313
3,Normal,1439.64,0.903289,0.561871
3,Normal,1439.68,0.915646,-0.255227
3,Normal,1439.72,0.925152,-0.707206
3,Normal,1439.76,0.936818,-0.846522
3,Normal,1439.8,0.945224,0.0738781
3,Normal,1439.84,0.946826,1.36816
3,Normal,1439.88,0.943607,2.40953
3,Normal,1439.92,0.942928,2.36969
3,Normal,1439.96,0.935443,2.05667
3,Normal,1440,0.925051,1.74632
3,Normal,1440.04,0.915198,1.6014
3,Normal,1440.08,0.908032,2.04986
3,Normal,1440.12,0.905084,2.48878
3,Normal,1440.16,0.907802,2.56774
3,Normal,1440.2,0.910568,2.32756
3,Normal,1440.24,0.911896,2.34411
3,Normal,1440.28,0.909705,2.53246
3,Normal,1440.32,0.912517,2.68768
3,Normal,1440.36,0.908112,3.54296
3,Normal,1440.6,0.824765,4.70124
3,Normal,1440.64,0.816115,4.36733
3,Normal,1440.68,0.80957,4.3547
3,Normal,1441.88,-0.75943,-4.7279
3,Normal,1441.92,-0.761793,-3.82376
3,Normal,1441.96,-0.759829,-2.76048
3,Normal,1442,-0.750899,-2.58707
3,Normal,1442.12,-0.712824,-6.43816
3,Normal,1442.16,-0.701836,-5.55414
3,Normal,1442.2,-0.695056,-3.97014
3,Normal,1442.24,-0.686841,-2.74633
3,Normal,1447.84,-0.742449,-1.35982
3,Normal,1447.88,-0.749289,-2.26381
3,Normal,1447.92,-0.752924,-3.52878
3,Normal,1447.96,-0.753285,-4.32418
3,Normal,1448,-0.750969,-4.57996
3,Normal,1448.04,-0.749949,-4.22934
3,Normal,1448.08,-0.749194,-3.29608
3,Normal,1448.12,-0.748721,-2.29186
3,Normal,1448.16,-0.750186,-1.69474
3,Normal,1448.2,-0.753086,-1.53656
3,Normal,1448.24,-0.757591,-1.49118
3,Normal,1448.28,-0.763004,-1.72111
3,Normal,1448.32,-0.770166,-1.57285
3,Normal,1448.36,-0.773274,-1.46853
3,Normal,1448.4,-0.773339,-1.62573
3,Normal,1448.44,-0.772579,-1.99657
3,Normal,1448.48,-0.770123,-2.37745
3,Normal,1448.52,-0.764957,-2.95446
3,Normal,1448.56,-0.759168,-3.52078
3,Normal,1448.6,-0.751588,-4.02883
3,Normal,1448.64,-0.740794,-4.75637
3,Normal,1448.68,-0.728859,-5.45116
3,Normal,1448.72,-0.719187,-5.74626
3,Normal,1448.76,-0.714072,-5.70106
3,Normal,1448.8,-0.715382,-5.07493
3,Normal,1448.84,-0.722124,-3.85664
3,Normal,1449.12,-0.864769,1.24228
3,Normal,1449.16,-0.867638,0.727067
3,Normal,1449.2,-0.867554,0.247447
3,Normal,1449.24,-0.865048,0.00822679
3,Normal,1449.28,-0.865172,-0.0419746
3,Normal,1449.32,-0.859424,-0.739461
3,Normal,1449.36,-0.853305,-1.90567
3,Normal,1449.68,-0.705415,-8.0305
3,Normal,1449.72,-0.695977,-8.48657
3,Normal,1449.76,-0.691225,-8.23521
3,Normal,1449.8,-0.685621,-7.46516
3,Normal,1449.84,-0.680294,-6.57266
3,Normal,1449.88,-0.673398,-5.40184
3,Normal,1449.92,-0.669039,-3.94367
3,Normal,1449.96,-0.668334,-2.42063
3,Normal,1450,-0.670534,-1.16213
3,Normal,1450.04,-0.676145,-0.0110992
3,Normal,1450.08,-0.685486,0.756226
3,Normal,1450.32,-0.776557,-2.11746
3,Normal,1450.36,-0.778906,-3.3171
3,Normal,1450.4,-0.776408,-4.10444
3,Normal,1450.44,-0.769614,-3.9785
3,Normal,1450.48,-0.763416,-2.97797
3,Normal,1450.52,-0.759358,-1.77807
3,Normal,1450.56,-0.757987,-0.942387
3,Normal,1450.6,-0.762746,-0.432059
3,Normal,1450.64,-0.771056,-0.354044
3,Normal,1450.68,-0.781746,-0.45898
3,Normal,1450.72,-0.791854,-0.624696
3,Normal,1450.76,-0.798659,-0.772387
3,Normal,1450.8,-0.799465,-1.39731
3,Normal,1450.84,-0.79234,-2.75213
3,Normal,1450.96,-0.748525,-4.27305
3,Normal,1451,-0.744881,-2.75498
3,Normal,1451.24,-0.870031,-2.45547
3,Normal,1451.28,-0.875335,-3.37173
3,Normal,1451.32,-0.869037,-3.88853
3,Normal,1451.4,-0.844285,-3.41645
3,Normal,1451.44,-0.837209,-2.67591
3,Normal,1451.48,-0.840227,-1.66801
3,Normal,1451.64,-0.895777,-0.0750924
3,Normal,1451.68,-0.902391,-0.945666
3,Normal,1451.72,-0.903274,-1.74104
3,Normal,1451.76,-0.900366,-2.29528
3,Normal,1451.8,-0.893509,-2.41012
3,Normal,1452,-0.822515,-5.09721
3,Normal,1452.04,-0.81445,-5.16921
3,Normal,1452.08,-0.810699,-4.93121
3,Normal,1452.12,-0.808945,-4.67696
3,Normal,1452.16,-0.81108,-4.15906
3,Normal,1452.2,-0.816705,-3.90204
3,Normal,1452.24,-0.825756,-3.70535
3,Normal,1452.28,-0.836378,-3.54411
3,Normal,1452.32,-0.846057,-3.6552
3,Normal,1452.36,-0.850281,-4.04893
3,Normal,1452.4,-0.852955,-4.0596
3,Normal,1452.44,-0.851885,-3.7692
3,Normal,1452.48,-0.848686,-3.08505
3,Normal,1452.52,-0.849173,-1.82951
3,Normal,1452.56,-0.856303,-0.367777
3,Normal,1452.6,-0.864494,0.718352
3,Normal,1452.76,-0.921555,0.839912
3,Normal,1452.8,-0.930954,0.169747
3,Normal,1452.84,-0.936357,-0.516619
3,Normal,1452.88,-0.9372,-1.49416
3,Normal,1452.92,-0.931334,-2.5507
3,Normal,1452.96,-0.921662,-3.11883
3,Normal,1453.36,-0.763783,-9.99287
3,Normal,1453.4,-0.76219,-10.0732
3,Normal,1453.44,-0.769736,-9.89991
3,Normal,1453.56,-0.807975,-6.17042
3,Normal,1453.6,-0.814904,-6.04597
3,Normal,1453.64,-0.809673,-7.51854
3,Normal,1453.88,-0.684942,-8.2898
3,Normal,1453.92,-0.681451,-7.9303
3,Normal,1453.96,-0.677792,-7.52067
3,Normal,1454,-0.669953,-7.23588
3,Normal,1454.04,-0.659129,-6.59308
3,Normal,1454.08,-0.648822,-5.39948
3,Normal,1454.12,-0.63861,-4.04747
3,Normal,1454.16,-0.630067,-2.84796
3,Normal,1454.2,-0.626228,-1.51
3,Normal,1455.08,-0.659753,-1.20341
3,Normal,1455.12,-0.667693,-1.49336
3,Normal,1455.16,-0.672126,-1.88053
3,Normal,1455.2,-0.675229,-2.48846
3,Normal,1455.24,-0.675926,-3.14706
3,Normal,1455.28,-0.671612,-3.66724
3,Normal,1455.4,-0.635865,-4.54256
3,Normal,1455.44,-0.634264,-4.25764
3,Normal,1455.68,-0.763192,-1.09908
3,Normal,1455.72,-0.766937,-1.70306
3,Normal,1455.76,-0.765284,-2.08178
3,Normal,1455.8,-0.764067,-2.22521
3,Normal,1455.84,-0.768416,-1.67063
3,Normal,1456.04,-0.850406,-0.734548
3,Normal,1456.08,-0.854504,-1.79863
3,Normal,1456.12,-0.851966,-2.4791
3,Normal,1456.16,-0.845931,-3.02421
3,Normal,1456.2,-0.838177,-3.4849
3,Normal,1456.44,-0.74557,-7.83331
3,Normal,1456.48,-0.738386,-7.86574
3,Normal,1456.52,-0.73721,-7.32479
3,Normal,1456.56,-0.739502,-6.61503
3,Normal,1456.6,-0.744426,-5.5527
3,Normal,1456.64,-0.748073,-4.33434
3,Normal,1456.68,-0.749983,-3.29724
3,Normal,1456.72,-0.747481,-2.78292
3,Normal,1456.76,-0.741336,-2.76384
3,Normal,1457.84,0.974352,-3.61136
3,Normal,1457.88,0.982105,-2.55492
3,Normal,1457.92,0.989314,-1.78918
3,Normal,1457.96,0.99403,-1.328
3,Normal,1458,0.994848,-1.41275
3,Normal,1458.04,0.990811,-1.50326
3,Normal,1458.08,0.987032,-1.68237
3,Normal,1458.12,0.986293,-2.19653
3,Normal,1458.16,0.991917,-2.52173
3,Normal,1458.2,1.00044,-2.38308
3,Normal,1458.24,1.00757,-2.15541
3,Normal,1460.04,-0.994351,4.13245
3,Normal,1460.08,-0.994711,2.49149
3,Normal,1460.12,-0.988662,0.949645
3,Normal,1460.16,-0.980661,0.640737
3,Normal,1460.2,-0.971861,0.682061
3,Normal,1460.24,-0.962122,0.645241
3,Normal,1460.28,-0.954605,0.315646
3,Normal,1460.32,-0.947437,-0.0377506
3,Normal,1460.36,-0.94227,-0.587373
3,Normal,1460.4,-0.938494,-0.986581
3,Normal,1460.44,-0.931598,-1.34633
3,Normal,1460.48,-0.922151,-1.83028
3,Normal,1462.08,1.0256,-6.01804
3,Normal,1462.12,1.03339,-4.87955
3,Normal,1462.16,1.02974,-3.42339
3,Normal,1462.28,0.991685,-2.12335
3,Normal,1462.32,0.981744,-2.37233
3,Normal,1465.08,-0.716841,-4.81054
3,Normal,1465.12,-0.707575,-6.55559
3,Normal,1465.52,-0.539381,-7.27465
3,Normal,1465.56,-0.532982,-6.15406
3,Normal,1465.6,-0.531522,-4.80536
3,Normal,1465.64,-0.539323,-3.23686
3,Normal,1465.92,-0.647675,-3.82906
3,Normal,1465.96,-0.657852,-4.95437
3,Normal,1466,-0.667828,-4.63986
3,Normal,1466.04,-0.677986,-3.39519
3,Normal,1466.08,-0.691175,-2.10193
3,Normal,1466.12,-0.701833,-1.28651
3,Normal,1466.28,-0.754532,-1.04417
3,Normal,1466.36,-0.779711,-1.78129
3,Normal,1466.4,-0.790005,-2.66471
3,Normal,1466.44,-0.79779,-3.1384
3,Normal,1466.48,-0.805622,-2.77186
3,Normal,1466.52,-0.810052,-1.58536
3,Normal,1466.56,-0.810955,-0.398647
3,Normal,1466.6,-0.809875,-0.0918345
3,Normal,1466.64,-0.808142,-0.940977
3,Normal,1466.68,-0.807297,-2.15972
3,Normal,1466.72,-0.812602,-2.90354
3,Normal,1466.92,-0.82933,-0.474835
3,Normal,1466.96,-0.825752,-2.04894
3,Normal,1467.12,-0.774171,-7.17459
3,Normal,1467.16,-0.768841,-5.63307
3,Normal,1467.2,-0.7649,-4.64167
3,Normal,1467.24,-0.76266,-5.02315
3,Normal,1467.28,-0.759232,-6.5533
3,Normal,1467.32,-0.748047,-8.47112
3,Normal,1467.4,-0.72383,-8.74661
3,Normal,1467.44,-0.716532,-7.00144
3,Normal,1467.48,-0.716537,-5.18111
3,Normal,1467.52,-0.722652,-4.19458
3,Normal,1467.56,-0.731054,-3.97473
3,Normal,1467.6,-0.738862,-4.18204
3,Normal,1467.64,-0.74466,-4.07103
3,Normal,1467.68,-0.748676,-3.39104
3,Normal,1467.72,-0.753956,-2.52103
3,Normal,1467.76,-0.759313,-1.84841
3,Normal,1467.8,-0.764934,-1.49347
3,Normal,1467.84,-0.76437,-1.99212
3,Normal,1467.88,-0.762462,-2.77256
3,Normal,1467.92,-0.753777,-3.49138
3,Normal,1468.72,0.791639,4.27003
3,Normal,1468.76,0.800197,0.530227
3,Normal,1468.8,0.809395,-1.39724
3,Normal,1469.08,0.963609,-2.42191
3,Normal,1469.12,0.966539,-2.92556
3,Normal,1469.16,0.959553,-2.50087
3,Normal,1469.2,0.950474,-1.66429
3,Normal,1469.24,0.943279,-0.597421
3,Normal,1469.28,0.939825,-0.230129
3,Normal,1469.32,0.936291,-0.223953
3,Normal,1470.84,-0.807255,-1.78448
3,Normal,1470.88,-0.803631,-3.76927
3,Normal,1471.88,-0.841732,-1.93803
3,Normal,1471.92,-0.84831,-3.41653
3,Normal,1471.96,-0.846466,-4.68202
3,Normal,1472,-0.838974,-5.8372
3,Normal,1472.28,-0.725782,-7.2218
3,Normal,1472.32,-0.718954,-5.78753
3,Normal,1472.36,-0.716038,-5.11106
3,Normal,1472.4,-0.712128,-5.78202
3,Normal,1472.44,-0.70312,-7.49288
3,Normal,1472.8,-0.490852,-6.0903
3,Normal,1473.08,-0.629676,0.0745822
3,Normal,1473.12,-0.639341,-0.915649
3,Normal,1473.44,-0.787339,1.15788
3,Normal,1473.48,-0.79305,-0.544714
3,Normal,1473.52,-0.789003,-2.16562
3,Normal,1473.72,-0.70424,-2.99352
3,Normal,1473.92,-0.776617,-1.836
3,Normal,1473.96,-0.782028,-1.86177
3,Normal,1474,-0.784987,-1.66783
3,Normal,1474.04,-0.790707,-1.49004
3,Normal,1474.08,-0.798177,-1.33755
3,Normal,1474.12,-0.805739,-1.34621
3,Normal,1474.16,-0.812687,-1.76918
3,Normal,1474.2,-0.817328,-1.94821
3,Normal,1474.24,-0.820281,-2.43918
3,Normal,1474.28,-0.81803,-3.56655
3,Normal,1474.56,-0.702532,-7.53305
3,Normal,1474.6,-0.697489,-6.87786
3,Normal,1474.64,-0.696365,-6.49189
3,Normal,1474.68,-0.693994,-6.01936
3,Normal,1474.72,-0.691309,-5.12845
3,Normal,1474.76,-0.691152,-4.20428
3,Normal,1474.8,-0.692104,-3.49208
4,Sport+,1863.84,-0.663869,-2.26941
4,Sport+,1863.88,-0.669548,-2.45665
4,Sport+,1863.92,-0.672858,-2.73754
4,Sport+,1863.96,-0.675953,-3.2417
4,Sport+,1864,-0.682868,-3.40626
4,Sport+,1864.04,-0.688789,-3.4047
4,Sport+,1864.08,-0.696134,-3.1857
4,Sport+,1864.12,-0.706245,-2.30468
4,Sport+,1864.16,-0.716754,-1.17218
4,Sport+,1864.2,-0.725302,-0.945066
4,Sport+,1864.24,-0.731019,-1.48302
4,Sport+,1864.28,-0.731812,-2.42077
4,Sport+,1864.32,-0.730817,-3.59327
4,Sport+,1864.36,-0.725444,-4.44973
4,Sport+,1864.4,-0.718427,-4.95724
4,Sport+,1864.44,-0.710569,-5.33191
4,Sport+,1864.48,-0.698245,-5.62779
4,Sport+,1864.52,-0.687718,-5.64885
4,Sport+,1864.56,-0.678491,-5.42358
4,Sport+,1864.6,-0.671887,-4.87
4,Sport+,1864.64,-0.668864,-3.84912
4,Sport+,1864.68,-0.671668,-2.67542
4,Sport+,1864.72,-0.680341,-1.50614
4,Sport+,1864.76,-0.689459,-0.60697
4,Sport+,1864.8,-0.700914,-0.0262533
4,Sport+,1864.84,-0.712453,0.209511
4,Sport+,1864.88,-0.720989,-0.157836
4,Sport+,1864.92,-0.727209,-0.594475
4,Sport+,1864.96,-0.726782,-1.22786
4,Sport+,1865,-0.72183,-1.73164
4,Sport+,1865.04,-0.714366,-2.20747
4,Sport+,1865.08,-0.706732,-2.51204
4,Sport+,1865.12,-0.697393,-2.57654
4,Sport+,1866.28,1.01822,-2.46073
4,Sport+,1866.32,1.0247,-1.51767
4,Sport+,1866.36,1.02167,-1.16661
4,Sport+,1866.4,1.01297,-1.42824
4,Sport+,1866.44,1.00385,-1.88208
4,Sport+,1866.48,0.997905,-1.52634
4,Sport+,1866.68,0.921437,5.32728
4,Sport+,1866.72,0.910888,5.26799
4,Sport+,1866.76,0.90246,4.54207
4,Sport+,1868.16,-0.839812,-1.57299
4,Sport+,1868.2,-0.843769,-1.61448
4,Sport+,1868.24,-0.842605,-1.59345
4,Sport+,1868.28,-0.83809,-1.23707
4,Sport+,1868.32,-0.828499,-1.47023
4,Sport+,1868.36,-0.81989,-2.13845
4,Sport+,1868.4,-0.812306,-2.80213
4,Sport+,1868.44,-0.803797,-3.5219
4,Sport+,1868.48,-0.799915,-3.99125
4,Sport+,1868.52,-0.797282,-3.67459
4,Sport+,1868.56,-0.797843,-3.02743
4,Sport+,1868.6,-0.79745,-2.72137
4,Sport+,1868.64,-0.798266,-2.62646
4,Sport+,1868.68,-0.795786,-2.87098
4,Sport+,1868.72,-0.791989,-2.95564
4,Sport+,1868.76,-0.792519,-2.45779
4,Sport+,1868.8,-0.79669,-1.58854
4,Sport+,1868.84,-0.802508,-0.640185
4,Sport+,1868.88,-0.808602,0.0192889
4,Sport+,1868.92,-0.81204,-0.0763067
4,Sport+,1868.96,-0.810478,-0.56384
4,Sport+,1869,-0.80559,-1.17244
4,Sport+,1869.04,-0.799112,-1.58265
4,Sport+,1869.08,-0.788307,-1.90613
4,Sport+,1869.12,-0.779994,-1.93622
4,Sport+,1869.16,-0.772852,-2.12233
4,Sport+,1869.2,-0.769087,-2.2174
4,Sport+,1869.24,-0.769686,-1.94168
4,Sport+,1869.28,-0.765005,-1.73939
4,Sport+,1869.96,0.779381,4.84922
4,Sport+,1870,0.771596,1.05594
4,Sport+,1870.04,0.76147,-1.45075
4,Sport+,1870.2,0.706136,7.53144
4,Sport+,1870.24,0.696383,8.63832
4,Sport+,1870.28,0.693198,7.84926
4,Sport+,1870.32,0.693102,5.93105
4,Sport+,1870.36,0.691395,4.59092
4,Sport+,1870.4,0.687339,4.31068
4,Sport+,1870.44,0.678437,4.33801
4,Sport+,1870.48,0.669988,3.91455
4,Sport+,1870.52,0.66557,3.44719
4,Sport+,1870.56,0.66775,3.04489
4,Sport+,1870.6,0.675127,2.53808
4,Sport+,1870.72,0.71278,1.57175
4,Sport+,1870.76,0.7208,1.37797
4,Sport+,1870.8,0.724646,2.07431
4,Sport+,1870.84,0.722409,3.10401
4,Sport+,1871.68,-0.736773,-1.96967
4,Sport+,1871.72,-0.742367,-0.744565
4,Sport+,1871.76,-0.744037,0.00214792
4,Sport+,1871.8,-0.743967,-0.0657776
4,Sport+,1871.84,-0.746771,-1.13877
4,Sport+,1871.88,-0.752903,-2.55451
4,Sport+,1872.08,-0.829929,-0.761106
4,Sport+,1872.12,-0.840079,-0.420894
4,Sport+,1872.16,-0.848484,-0.391607
4,Sport+,1872.2,-0.857169,-0.243829
4,Sport+,1872.24,-0.863933,-0.30552
4,Sport+,1872.28,-0.868544,-0.324784
4,Sport+,1872.32,-0.870486,-0.454868
4,Sport+,1872.36,-0.865569,-1.21933
4,Sport+,1873.72,0.552708,0.0502077
4,Sport+,1873.76,0.559933,0.248217
4,Sport+,1873.8,0.566399,0.167309
4,Sport+,1873.84,0.574773,0.0495127
4,Sport+,1875.04,0.92563,2.68418
4,Sport+,1875.08,0.935351,2.62765
4,Sport+,1875.12,0.939793,2.59626
4,Sport+,1875.16,0.93915,2.73857
4,Sport+,1875.2,0.931987,3.10995
4,Sport+,1875.24,0.924495,3.81655
4,Sport+,1875.28,0.919659,4.2082
4,Sport+,1875.32,0.911934,4.74718
4,Sport+,1875.36,0.913836,4.38769
4,Sport+,1875.4,0.917829,3.51341
4,Sport+,1875.44,0.918952,2.54454
4,Sport+,1875.48,0.916997,1.969
4,Sport+,1875.52,0.912339,1.56967
4,Sport+,1875.56,0.909865,1.44927
4,Sport+,1875.6,0.904344,1.95267
4,Sport+,1875.64,0.898664,2.72738
4,Sport+,1875.68,0.894913,3.22874
4,Sport+,1875.72,0.895692,3.47364
4,Sport+,1875.76,0.900781,3.51977
4,Sport+,1875.8,0.905642,3.45217
4,Sport+,1875.84,0.910051,3.06671
4,Sport+,1875.88,0.913248,2.41297
4,Sport+,1875.92,0.9183,1.47859
4,Sport+,1875.96,0.920647,1.51349
4,Sport+,1876,0.917633,2.86558
4,Sport+,1876.04,0.913188,4.88122
4,Sport+,1876.08,0.909205,6.47433
4,Sport+,1876.12,0.906397,5.69057
4,Sport+,1876.16,0.905141,3.2623
4,Sport+,1876.4,0.790408,12.1507
4,Sport+,1876.44,0.786611,12.8078
4,Sport+,1876.48,0.789544,11.7109
4,Sport+,1876.52,0.785933,10.8145
4,Sport+,1876.76,0.661872,14.8661
4,Sport+,1876.8,0.662749,11.0055
4,Sport+,1876.84,0.66022,10.0451
4,Sport+,1876.96,0.6145,19.5599
4,Sport+,1877,0.608715,18.5451
4,Sport+,1877.44,0.829964,-0.108969
4,Sport+,1877.48,0.830316,0.961998
4,Sport+,1877.68,0.750623,2.70539
4,Sport+,1877.72,0.750117,2.60206
4,Sport+,1877.76,0.755799,2.85247
4,Sport+,1877.8,0.764176,2.95409
4,Sport+,1877.84,0.774043,2.10225
4,Sport+,1877.88,0.782142,1.34565
4,Sport+,1877.92,0.790159,0.518718
4,Sport+,1877.96,0.794293,0.556674
4,Sport+,1878,0.793994,1.69289
4,Sport+,1878.04,0.790038,3.5385
4,Sport+,1878.08,0.784123,4.6821
4,Sport+,1878.12,0.779157,4.72472
4,Sport+,1878.16,0.774344,3.51688
4,Sport+,1878.2,0.768887,2.51533
4,Sport+,1878.24,0.767809,2.39048
4,Sport+,1878.28,0.767254,3.03178
4,Sport+,1878.32,0.767948,4.21297
4,Sport+,1878.36,0.774125,4.31687
4,Sport+,1878.64,0.885356,-0.206954
4,Sport+,1878.68,0.893564,0.106606
4,Sport+,1878.72,0.898022,0.291299
4,Sport+,1878.76,0.903428,0.0809278
4,Sport+,1878.8,0.91024,-0.499511
4,Sport+,1878.84,0.920838,-1.61328
4,Sport+,1878.88,0.931799,-2.53939
4,Sport+,1878.92,0.94286,-2.62097
4,Sport+,1878.96,0.945637,-1.57384
4,Sport+,1879,0.938795,0.0482843
4,Sport+,1879.04,0.928587,1.2842
4,Sport+,1879.12,0.90402,2.34191
4,Sport+,1879.16,0.89483,2.77821
4,Sport+,1879.2,0.887727,3.55025
4,Sport+,1879.24,0.880197,4.71743
4,Sport+,1879.6,0.740389,7.60613
4,Sport+,1879.64,0.731989,6.07903
4,Sport+,1880.64,-0.682923,-2.20905
4,Sport+,1880.68,-0.69251,-2.18456
4,Sport+,1880.72,-0.699192,-2.5349
4,Sport+,1880.76,-0.708519,-3.56577
4,Sport+,1880.8,-0.714571,-5.07322
4,Sport+,1880.84,-0.718213,-6.00996
4,Sport+,1880.88,-0.719212,-6.00337
4,Sport+,1880.92,-0.717625,-4.99959
4,Sport+,1880.96,-0.718256,-3.79981
4,Sport+,1881,-0.716994,-3.47763
4,Sport+,1881.04,-0.718127,-4.17887
4,Sport+,1881.08,-0.717564,-5.32053
4,Sport+,1881.12,-0.719736,-5.58751
4,Sport+,1881.16,-0.722368,-4.63762
4,Sport+,1881.2,-0.725055,-3.75705
4,Sport+,1881.24,-0.723958,-3.44926
4,Sport+,1881.28,-0.719461,-3.89403
4,Sport+,1885.36,1.14121,-11.4792
4,Sport+,1885.4,1.14499,-9.74824
4,Sport+,1885.44,1.14089,-8.63644
4,Sport+,1887.12,-0.749987,-0.314642
4,Sport+,1887.16,-0.75259,-0.68418
4,Sport+,1887.48,-0.561448,-2.74585
4,Sport+,1887.72,-0.688556,1.56613
4,Sport+,1887.76,-0.695077,0.609775
4,Sport+,1887.8,-0.698238,-0.756098
4,Sport+,1887.84,-0.701032,-2.12475
4,Sport+,1887.88,-0.705856,-3.0059
4,Sport+,1888.12,-0.804802,1.67963
4,Sport+,1888.16,-0.808746,0.310411
4,Sport+,1888.2,-0.8046,-1.323
4,Sport+,1888.36,-0.737902,-3.87736
4,Sport+,1888.4,-0.734652,-3.63868
4,Sport+,1888.44,-0.73682,-3.69246
4,Sport+,1888.48,-0.741169,-3.71759
4,Sport+,1888.52,-0.745046,-3.53142
4,Sport+,1888.56,-0.74781,-3.01104
4,Sport+,1888.6,-0.746099,-2.4276
4,Sport+,1888.64,-0.743238,-2.02773
4,Sport+,1888.68,-0.742042,-1.73476
4,Sport+,1888.72,-0.74292,-2.05559
4,Sport+,1888.76,-0.745004,-2.7804
4,Sport+,1888.8,-0.748524,-3.12731
4,Sport+,1888.84,-0.754431,-2.88823
4,Sport+,1888.88,-0.757536,-2.53847
4,Sport+,1888.92,-0.759888,-2.24401
4,Sport+,1888.96,-0.760614,-2.26275
4,Sport+,1889,-0.761225,-2.34234
4,Sport+,1889.04,-0.770033,-1.94314
4,Sport+,1889.08,-0.777563,-1.43311
4,Sport+,1889.12,-0.787454,-0.395827
4,Sport+,1889.2,-0.812694,1.86711
4,Sport+,1889.24,-0.822369,2.27644
4,Sport+,1889.28,-0.828573,1.90785
4,Sport+,1889.32,-0.827001,0.445701
4,Sport+,1889.36,-0.817959,-1.3658
4,Sport+,1889.56,-0.739256,-7.2467
4,Sport+,1889.6,-0.731878,-7.33423
4,Sport+,1889.64,-0.730856,-6.15607
4,Sport+,1889.68,-0.735414,-4.05235
4,Sport+,1889.96,-0.905885,2.09099
4,Sport+,1890,-0.908702,-0.274198
4,Sport+,1890.04,-0.901247,-2.23862
4,Sport+,1890.08,-0.888677,-3.2296
4,Sport+,1890.12,-0.882056,-2.51672
4,Sport+,1890.16,-0.879168,-0.517153
4,Sport+,1890.2,-0.881843,1.53242
4,Sport+,1890.24,-0.887117,2.73864
4,Sport+,1890.28,-0.895242,2.77824
4,Sport+,1890.32,-0.900407,1.13774
4,Sport+,1890.36,-0.899437,-1.63758
4,Sport+,1890.4,-0.891241,-4.21444
4,Sport+,1890.56,-0.822379,-5.7768
4,Sport+,1890.6,-0.814552,-5.38711
4,Sport+,1890.64,-0.816323,-4.83947
4,Sport+,1890.68,-0.822766,-4.2685
4,Sport+,1890.72,-0.826114,-4.37535
4,Sport+,1890.76,-0.823185,-5.0588
4,Sport+,1891.04,-0.66384,-9.16987
4,Sport+,1891.32,-0.82293,-1.09621
4,Sport+,1891.36,-0.822271,-2.24334
4,Sport+,1891.4,-0.816342,-2.98359
4,Sport+,1891.44,-0.811756,-2.59173
4,Sport+,1891.48,-0.817424,-1.20272
4,Sport+,1891.6,-0.857903,-0.28398
4,Sport+,1891.64,-0.857466,-2.27482
4,Sport+,1891.76,-0.821507,-3.48321
4,Sport+,1891.8,-0.82434,-1.53915
4,Sport+,1891.96,-0.912494,-0.0148197
4,Sport+,1892,-0.911297,-1.91027
4,Sport+,1892.2,-0.772256,-6.79693
4,Sport+,1892.24,-0.767664,-5.86592
4,Sport+,1892.44,-0.863794,-2.35539
4,Sport+,1892.48,-0.854984,-3.7733
4,Sport+,1892.52,-0.84255,-4.31079
4,Sport+,1892.56,-0.839638,-4.22717
4,Sport+,1892.76,-0.925013,-2.39401
4,Sport+,1892.8,-0.928735,-2.93369
4,Sport+,1892.84,-0.925746,-1.91641
4,Sport+,1892.88,-0.921703,-0.233467
4,Sport+,1892.92,-0.920243,0.930656
4,Sport+,1892.96,-0.921111,0.919536
4,Sport+,1893,-0.918637,-0.389432
4,Sport+,1894.32,-0.698564,-7.26611
4,Sport+,1894.36,-0.701808,-8.47557
4,Sport+,1894.4,-0.699762,-8.24237
4,Sport+,1894.44,-0.694791,-6.9949
4,Sport+,1894.48,-0.688313,-5.07422
4,Sport+,1894.68,-0.619753,-4.72209
4,Sport+,1894.72,-0.625891,-5.64305
4,Sport+,1895.08,-0.966209,3.27982
4,Sport+,1895.12,-0.967404,1.29835
4,Sport+,1895.36,-0.844389,-3.23196
4,Sport+,1895.4,-0.841364,-4.28601
4,Sport+,1895.44,-0.843378,-5.40372
4,Sport+,1895.48,-0.845914,-5.95153
4,Sport+,1895.52,-0.848367,-5.56354
4,Sport+,1895.56,-0.848603,-4.97097
4,Sport+,1895.6,-0.842337,-4.65153
4,Sport+,1895.88,-0.713485,-7.9419
4,Sport+,1895.92,-0.704654,-7.5134
4,Sport+,1895.96,-0.698427,-7.66537
4,Sport+,1896,-0.692531,-8.24146
4,Sport+,1896.8,0.974327,-8.55528
4,Sport+,1896.84,0.978832,-7.64563
4,Sport+,1896.88,0.978729,-5.04622
4,Sport+,1896.92,0.97968,-2.25416
4,Sport+,1896.96,0.982403,0.0438924
4,Sport+,1897,0.986551,1.00886
4,Sport+,1897.04,0.993399,0.721438
4,Sport+,1897.08,0.999331,-0.713131
4,Sport+,1897.12,1.00573,-2.25886
4,Sport+,1897.16,1.00665,-3.03209
4,Sport+,1897.2,1.00254,-3.05871
4,Sport+,1897.24,0.996141,-2.48344
4,Sport+,1897.28,0.988956,-1.22144
4,Sport+,1897.32,0.983805,-0.25399
4,Sport+,1897.36,0.980557,0.305756
4,Sport+,1897.4,0.976769,0.393015
4,Sport+,1897.44,0.970269,0.376547
4,Sport+,1897.6,0.907228,4.01234
4,Sport+,1897.64,0.903849,3.35813
4,Sport+,1897.68,0.909663,1.33607
4,Sport+,1897.72,0.920106,-1.3969
4,Sport+,1898.76,-0.944066,2.41791
4,Sport+,1898.8,-0.944138,5.68379
4,Sport+,1898.84,-0.946371,6.83284
4,Sport+,1898.88,-0.940109,5.2039
4,Sport+,1899,-0.888164,-4.46272
4,Sport+,1899.04,-0.884651,-4.66346
4,Sport+,1899.2,-0.938276,1.87611
4,Sport+,1899.24,-0.935231,1.11353
4,Sport+,1899.28,-0.930446,-0.014008
4,Sport+,1899.32,-0.924776,-1.03807
4,Sport+,1899.36,-0.922069,-1.03596
4,Sport+,1899.4,-0.920772,-0.178333
4,Sport+,1899.44,-0.926151,1.32088
4,Sport+,1899.48,-0.930634,2.52744
4,Sport+,1899.52,-0.935882,3.31028
4,Sport+,1899.56,-0.942839,3.55473
4,Sport+,1899.6,-0.948125,2.99514
4,Sport+,1899.64,-0.948973,2.15741
4,Sport+,1899.68,-0.94298,1.50378
4,Sport+,1899.72,-0.936522,1.43847
4,Sport+,1899.76,-0.928657,1.63332
4,Sport+,1899.8,-0.919198,1.99894
4,Sport+,1899.84,-0.910434,2.18689
4,Sport+,1899.88,-0.902303,1.41017
4,Sport+,1899.92,-0.896124,0.311289
4,Sport+,1899.96,-0.897469,-0.377777
4,Sport+,1900,-0.907,-0.950205
4,Sport+,1900.08,-0.931083,-0.221392
4,Sport+,1900.12,-0.933155,-0.0605937
4,Sport+,1901.48,0.917998,-0.335037
4,Sport+,1901.52,0.926306,-1.75824
4,Sport+,1901.56,0.933381,-3.62288
4,Sport+,1901.6,0.937221,-4.69876
4,Sport+,1901.64,0.935287,-4.32525
4,Sport+,1901.68,0.93282,-3.31535
4,Sport+,1901.72,0.931851,-2.26501
4,Sport+,1901.76,0.932797,-1.99979
4,Sport+,1901.8,0.939397,-2.49559
4,Sport+,1901.84,0.948526,-3.15403
4,Sport+,1901.88,0.953267,-2.84911
4,Sport+,1901.92,0.952044,-1.10222
4,Sport+,1902.36,0.33273,16.4238
4,Sport+,1902.4,0.337871,11.1384
4,Sport+,1904.16,-0.76035,-1.27896
4,Sport+,1904.2,-0.761743,0.196714
4,Sport+,1904.24,-0.763482,0.983357
4,Sport+,1904.28,-0.761556,0.492723
4,Sport+,1904.32,-0.760612,-0.632227
4,Sport+,1904.36,-0.761804,-2.34621
4,Sport+,1904.4,-0.763397,-4.12135
4,Sport+,1904.44,-0.764015,-5.49704
4,Sport+,1904.48,-0.765524,-6.42365
4,Sport+,1904.52,-0.763943,-7.17743
4,Sport+,1904.56,-0.759311,-7.64153
4,Sport+,1904.6,-0.749319,-7.89157
4,Sport+,1904.8,-0.674999,-7.04943
4,Sport+,1904.84,-0.66615,-5.47908
4,Sport+,1905.04,-0.701141,-2.72388
4,Sport+,1905.08,-0.695413,-2.66262
4,Sport+,1905.24,-0.634012,-5.12655
4,Sport+,1905.28,-0.634746,-6.64923
4,Sport+,1905.32,-0.643511,-6.96689
4,Sport+,1905.48,-0.699212,-3.64567
4,Sport+,1905.52,-0.707989,-2.92826
4,Sport+,1905.56,-0.71509,-1.5565
4,Sport+,1905.6,-0.717661,-0.631401
4,Sport+,1905.64,-0.71892,-0.261138
4,Sport+,1905.68,-0.725045,-0.486778
4,Sport+,1905.72,-0.730717,-1.81424
4,Sport+,1905.76,-0.73667,-2.8989
4,Sport+,1905.8,-0.745041,-2.65405
4,Sport+,1905.84,-0.753219,-1.47054
4,Sport+,1905.88,-0.7594,0.0503295
4,Sport+,1905.92,-0.764044,0.740738
4,Sport+,1905.96,-0.765923,-0.376136
4,Sport+,1906.2,-0.810651,-0.286246
4,Sport+,1906.24,-0.81253,-1.96692
4,Sport+,1906.4,-0.750522,-8.37323
4,Sport+,1906.44,-0.749158,-5.94254
4,Sport+,1906.48,-0.753008,-3.48797
4,Sport+,1906.6,-0.790614,-3.77176
4,Sport+,1906.64,-0.790548,-6.34418
4,Sport+,1906.68,-0.783934,-7.98257
4,Sport+,1906.72,-0.775104,-7.61941
4,Sport+,1906.76,-0.766827,-6.03709
4,Sport+,1906.8,-0.767424,-4.10653
4,Sport+,1906.84,-0.770941,-2.98885
4,Sport+,1906.88,-0.776874,-2.80613
4,Sport+,1906.92,-0.780712,-3.48164
4,Sport+,1906.96,-0.780338,-3.99132
4,Sport+,1907,-0.78093,-3.92697
4,Sport+,1907.04,-0.786216,-3.05118
4,Sport+,1907.08,-0.798679,-1.79151
4,Sport+,1907.12,-0.809777,-1.11053
4,Sport+,1907.16,-0.818176,-0.819433
4,Sport+,1907.2,-0.820847,-1.19123
4,Sport+,1907.24,-0.816055,-2.13506
4,Sport+,1907.28,-0.807605,-2.94166
4,Sport+,1907.32,-0.798396,-3.38158
4,Sport+,1907.36,-0.789822,-3.24257
4,Sport+,1908.36,0.910015,0.955465
4,Sport+,1908.4,0.906357,1.87334
4,Sport+,1908.44,0.898788,2.3613
4,Sport+,1908.48,0.891687,2.76811
4,Sport+,1908.52,0.884572,3.17884
4,Sport+,1908.56,0.886218,3.13879
4,Sport+,1908.6,0.891969,2.80625
4,Sport+,1908.64,0.903007,2.10432
4,Sport+,1908.68,0.904958,1.67258
4,Sport+,1910.24,-0.773544,-0.781159
4,Sport+,1910.28,-0.776146,-2.91732
4,Sport+,1910.32,-0.774628,-4.07713
4,Sport+,1910.36,-0.776103,-3.72999
4,Sport+,1910.4,-0.776011,-2.88186
4,Sport+,1910.44,-0.776147,-2.1749
4,Sport+,1910.48,-0.778472,-2.16539
4,Sport+,1910.52,-0.783947,-2.13208
4,Sport+,1910.56,-0.791668,-1.85556
4,Sport+,1910.64,-0.815731,-0.980848
4,Sport+,1910.68,-0.819966,-1.69145
4,Sport+,1910.72,-0.814181,-3.62415
4,Sport+,1910.8,-0.789581,-6.66367
4,Sport+,1910.84,-0.786405,-5.60593
4,Sport+,1910.88,-0.790558,-3.48942
4,Sport+,1911.04,-0.861632,-0.501281
4,Sport+,1911.08,-0.860668,-1.99445
4,Sport+,1911.28,-0.782942,-5.19286
4,Sport+,1911.32,-0.78419,-4.6539
4,Sport+,1911.36,-0.794516,-3.45937
4,Sport+,1911.44,-0.821178,-2.22487
4,Sport+,1911.48,-0.830242,-2.82158
4,Sport+,1911.52,-0.833201,-4.25022
4,Sport+,1911.56,-0.825413,-6.14049
4,Sport+,1911.92,-0.55442,-8.19003
4,Sport+,1911.96,-0.558977,-7.2596
4,Sport+,1912.36,-0.754841,-1.34877
4,Sport+,1912.4,-0.748939,-3.14619
4,Sport+,1912.44,-0.738835,-4.61137
4,Sport+,1912.48,-0.732241,-5.30253
4,Sport+,1912.52,-0.733934,-4.94896
4,Sport+,1912.92,-0.905947,1.77924
4,Sport+,1912.96,-0.912262,2.22214
4,Sport+,1913,-0.91138,1.68031
4,Sport+,1913.04,-0.908732,1.50779
4,Sport+,1913.08,-0.905035,1.95362
4,Sport+,1913.12,-0.900326,2.84802
4,Sport+,1913.16,-0.898932,4.24867
4,Sport+,1913.2,-0.897129,5.39016
4,Sport+,1913.24,-0.894431,5.10521
4,Sport+,1913.28,-0.891985,3.51445
4,Sport+,1913.32,-0.885336,1.33901
4,Sport+,1913.36,-0.874365,-1.36691
4,Sport+,1913.92,-0.570865,-14.575
4,Sport+,1913.96,-0.569226,-12.7904
5,Normal,2223.85,-0.620687,-2.69878
5,Normal,2223.89,-0.629723,-2.1358
5,Normal,2223.93,-0.640401,-1.6324
5,Normal,2224.01,-0.666149,-1.35128
5,Normal,2224.05,-0.6759,-1.64583
5,Normal,2224.09,-0.684321,-2.44796
5,Normal,2224.13,-0.693946,-3.21136
5,Normal,2224.17,-0.698447,-3.90957
5,Normal,2224.21,-0.699402,-4.15663
5,Normal,2224.25,-0.696939,-3.91489
5,Normal,2224.29,-0.693104,-3.49821
5,Normal,2224.33,-0.689727,-3.5107
5,Normal,2224.37,-0.686154,-3.7154
5,Normal,2224.41,-0.685411,-3.77004
5,Normal,2224.45,-0.688342,-3.59913
5,Normal,2224.49,-0.69493,-2.95634
5,Normal,2224.53,-0.704288,-2.15165
5,Normal,2224.57,-0.71396,-1.89894
5,Normal,2224.61,-0.717903,-2.33027
5,Normal,2224.65,-0.720808,-3.11379
5,Normal,2224.69,-0.716665,-4.04193
5,Normal,2225.01,-0.603623,-1.89738
5,Normal,2225.05,-0.609461,-1.29142
5,Normal,2225.09,-0.618452,-0.860542
5,Normal,2225.13,-0.627648,-0.75886
5,Normal,2225.17,-0.635452,-0.79125
5,Normal,2225.21,-0.640151,-0.817589
5,Normal,2225.25,-0.64078,-0.920225
5,Normal,2225.29,-0.637896,-1.25442
5,Normal,2225.33,-0.63283,-1.42716
5,Normal,2226.33,0.995951,-2.57875
5,Normal,2226.37,1.00272,-2.2006
5,Normal,2226.41,1.00002,-1.46392
5,Normal,2226.85,0.8085,9.17803
5,Normal,2226.89,0.802427,8.98007
5,Normal,2226.93,0.798857,8.96749
5,Normal,2226.97,0.795089,9.08375
5,Normal,2227.01,0.789138,9.50027
5,Normal,2228.25,-0.887903,-0.189175
5,Normal,2228.29,-0.884125,-1.39495
5,Normal,2228.41,-0.843395,-3.79503
5,Normal,2228.45,-0.833666,-4.6087
5,Normal,2228.49,-0.826767,-5.56485
5,Normal,2228.53,-0.822653,-6.1717
5,Normal,2228.57,-0.81574,-6.28747
5,Normal,2228.61,-0.806423,-6.10964
5,Normal,2228.85,-0.710819,-7.64628
5,Normal,2228.89,-0.704326,-6.19692
5,Normal,2228.93,-0.704123,-4.51667
5,Normal,2228.97,-0.706883,-3.12801
5,Normal,2229.01,-0.708384,-2.45082
5,Normal,2229.05,-0.706631,-2.3582
5,Normal,2229.09,-0.702985,-2.50983
5,Normal,2229.13,-0.701076,-2.52576
5,Normal,2229.17,-0.699674,-2.3528
5,Normal,2229.21,-0.699734,-1.9574
5,Normal,2230.25,0.916419,-1.13115
5,Normal,2230.29,0.927238,-0.408847
5,Normal,2230.33,0.936789,-0.527685
5,Normal,2230.37,0.947618,-1.20248
5,Normal,2230.41,0.959594,-1.64451
5,Normal,2230.45,0.969152,-1.59215
5,Normal,2230.49,0.978331,-1.26156
5,Normal,2230.53,0.983897,-0.986368
5,Normal,2230.57,0.987037,-0.707905
5,Normal,2230.61,0.989588,-0.359531
5,Normal,2230.65,0.991297,0.088453
5,Normal,2230.69,0.993006,0.171538
5,Normal,2230.73,0.993775,0.10338
5,Normal,2230.77,0.99374,0.0389815
5,Normal,2230.81,0.990499,0.387462
5,Normal,2231.49,-0.904201,-6.01691
5,Normal,2231.53,-0.908415,-4.25022
5,Normal,2231.57,-0.911501,-0.620654
5,Normal,2231.61,-0.908893,2.56865
5,Normal,2231.85,-0.813658,-7.5471
5,Normal,2231.89,-0.81552,-5.23582
5,Normal,2231.93,-0.824033,-3.43586
5,Normal,2231.97,-0.830319,-3.29253
5,Normal,2232.01,-0.829732,-4.39362
5,Normal,2232.05,-0.819613,-5.82729
5,Normal,2232.09,-0.806893,-5.92903
5,Normal,2232.13,-0.79812,-5.21937
5,Normal,2232.17,-0.795315,-4.57768
5,Normal,2232.21,-0.797137,-4.67511
5,Normal,2232.25,-0.799051,-5.31031
5,Normal,2232.29,-0.796361,-6.02858
5,Normal,2232.33,-0.788561,-6.1802
5,Normal,2233.65,0.530597,3.88954
5,Normal,2233.69,0.531661,1.93194
5,Normal,2234.81,0.869157,2.08363
5,Normal,2234.85,0.872392,2.5738
5,Normal,2234.89,0.877993,2.88311
5,Normal,2234.93,0.882995,3.20268
5,Normal,2234.97,0.888774,3.35108
5,Normal,2235.01,0.892293,3.5053
5,Normal,2235.05,0.894778,3.72786
5,Normal,2235.09,0.892901,4.02845
5,Normal,2235.13,0.892549,4.11793
5,Normal,2235.17,0.894584,4.10388
5,Normal,2235.21,0.900767,3.90331
5,Normal,2235.25,0.906981,4.07499
5,Normal,2235.29,0.90872,4.57237
5,Normal,2235.33,0.902147,5.63654
5,Normal,2235.37,0.89035,6.96386
5,Normal,2235.41,0.879613,7.90198
5,Normal,2235.49,0.854662,7.43814
5,Normal,2235.53,0.843054,6.3391
5,Normal,2235.57,0.832282,5.36995
5,Normal,2235.61,0.823371,5.03279
5,Normal,2235.65,0.818883,5.47978
5,Normal,2235.69,0.815502,6.48147
5,Normal,2235.73,0.811905,7.85171
5,Normal,2235.77,0.810272,8.67513
5,Normal,2235.81,0.80848,9.15188
5,Normal,2235.85,0.802942,9.45418
5,Normal,2236.05,0.721531,14.2427
5,Normal,2236.09,0.717742,12.6507
5,Normal,2236.13,0.722732,9.71422
5,Normal,2236.57,0.914357,-0.67836
5,Normal,2236.61,0.918528,1.00339
5,Normal,2236.65,0.91727,3.45488
5,Normal,2236.69,0.913296,5.41995
5,Normal,2236.73,0.905388,6.13573
5,Normal,2236.77,0.896289,5.68042
5,Normal,2236.81,0.886673,4.1326
5,Normal,2236.85,0.880267,2.4217
5,Normal,2236.89,0.874024,1.57879
5,Normal,2236.93,0.866806,1.99822
5,Normal,2236.97,0.859162,2.99093
5,Normal,2237.01,0.852817,4.11464
5,Normal,2237.49,0.401976,1.61832
5,Normal,2237.81,0.607455,0.715541
5,Normal,2237.85,0.614989,1.11011
5,Normal,2237.89,0.623316,1.59792
5,Normal,2237.93,0.633095,2.12332
5,Normal,2238.25,0.787212,0.856418
5,Normal,2238.49,0.901451,1.79233
5,Normal,2238.53,0.906116,2.16147
5,Normal,2238.57,0.901946,2.56933
5,Normal,2238.61,0.891101,3.03705
5,Normal,2238.65,0.879647,3.14155
5,Normal,2238.69,0.874394,2.75496
5,Normal,2238.73,0.876179,1.95308
5,Normal,2238.77,0.88417,0.870866
5,Normal,2239.01,0.999232,0.019903
5,Normal,2239.05,1.00133,-0.347522
5,Normal,2239.09,0.992757,-0.613116
5,Normal,2239.33,0.895079,4.96846
5,Normal,2239.37,0.890631,4.01719
5,Normal,2239.41,0.888651,2.75843
5,Normal,2239.45,0.88889,1.75545
5,Normal,2239.49,0.88521,1.78207
5,Normal,2239.53,0.876519,3.04276
5,Normal,2239.57,0.866496,4.88959
5,Normal,2239.61,0.85364,6.77535
5,Normal,2239.65,0.846451,7.49812
5,Normal,2239.69,0.836303,7.51279
5,Normal,2240.61,-0.731439,-6.5997
5,Normal,2240.65,-0.740986,-7.02409
5,Normal,2240.69,-0.74984,-6.05285
5,Normal,2240.73,-0.758095,-3.77959
5,Normal,2240.77,-0.763887,-1.8702
5,Normal,2240.81,-0.765003,-1.86297
5,Normal,2240.85,-0.759317,-4.04924
5,Normal,2240.97,-0.720407,-8.52963
5,Normal,2241.01,-0.712813,-5.94627
5,Normal,2241.05,-0.709078,-3.21349
5,Normal,2241.09,-0.710358,-2.13555
5,Normal,2241.13,-0.708397,-2.64869
5,Normal,2245.33,0.917639,3.28652
5,Normal,2245.37,0.912637,3.52497
5,Normal,2245.41,0.906455,3.60181
5,Normal,2246.65,-0.660304,-3.26313
5,Normal,2246.69,-0.669941,-3.83016
5,Normal,2246.73,-0.680017,-3.32804
5,Normal,2246.93,-0.757555,-2.82388
5,Normal,2246.97,-0.763733,-2.63884
5,Normal,2247.01,-0.763018,-2.59845
5,Normal,2247.05,-0.757088,-2.70608
5,Normal,2247.09,-0.749367,-2.72622
5,Normal,2247.13,-0.743202,-2.79299
5,Normal,2247.17,-0.739023,-2.70983
5,Normal,2247.21,-0.734946,-2.52118
5,Normal,2247.25,-0.731937,-2.41915
5,Normal,2247.29,-0.730021,-2.32383
5,Normal,2247.33,-0.729257,-2.253
5,Normal,2247.37,-0.73018,-2.19398
5,Normal,2247.41,-0.730186,-2.64289
5,Normal,2247.45,-0.725871,-3.56852
5,Normal,2247.49,-0.717506,-4.78681
5,Normal,2247.65,-0.663239,-4.82059
5,Normal,2247.69,-0.662436,-3.70248
5,Normal,2248.05,-0.815032,-0.495636
5,Normal,2248.09,-0.823892,-0.349938
5,Normal,2248.13,-0.833088,0.261275
5,Normal,2248.25,-0.87134,2.41417
5,Normal,2248.29,-0.880788,1.78551
5,Normal,2248.33,-0.88384,0.687819
5,Normal,2248.37,-0.877955,-0.943077
5,Normal,2248.61,-0.7859,-5.09328
5,Normal,2248.65,-0.783563,-4.17768
5,Normal,2248.69,-0.789221,-3.33459
5,Normal,2248.73,-0.797455,-3.07376
5,Normal,2248.77,-0.802562,-3.34208
5,Normal,2248.81,-0.801288,-3.85845
5,Normal,2249.05,-0.709526,-4.90967
5,Normal,2249.09,-0.703617,-4.16872
5,Normal,2249.13,-0.703514,-2.8177
5,Normal,2249.17,-0.711586,-0.708625
5,Normal,2249.33,-0.773178,-1.81621
5,Normal,2249.37,-0.780372,-4.94458
5,Normal,2249.41,-0.779543,-7.14583
5,Normal,2249.45,-0.77289,-7.43713
5,Normal,2249.49,-0.76704,-5.82457
5,Normal,2249.53,-0.765738,-3.05552
5,Normal,2249.57,-0.768016,-0.174509
5,Normal,2249.61,-0.775462,1.81763
5,Normal,2249.85,-0.877488,-0.427171
5,Normal,2249.89,-0.88329,-0.81258
5,Normal,2249.93,-0.886125,-0.906608
5,Normal,2249.97,-0.888894,-0.365136
5,Normal,2250.01,-0.8919,0.503775
5,Normal,2250.05,-0.892414,0.964571
5,Normal,2250.09,-0.892092,0.964307
5,Normal,2250.13,-0.889022,0.239834
5,Normal,2250.17,-0.881851,-1.54904
5,Normal,2250.41,-0.764762,-7.7127
5,Normal,2250.45,-0.769507,-6.19239
5,Normal,2250.61,-0.856864,-0.872796
5,Normal,2250.65,-0.860533,-2.32415
5,Normal,2250.69,-0.855075,-4.10574
5,Normal,2250.73,-0.844989,-5.12731
5,Normal,2250.77,-0.836655,-4.71245
5,Normal,2250.81,-0.835632,-3.08538
5,Normal,2250.85,-0.838897,-1.24263
5,Normal,2250.89,-0.843464,-0.0186787
5,Normal,2250.93,-0.848314,0.147851
5,Normal,2250.97,-0.851598,-0.444959
5,Normal,2251.01,-0.851964,-1.35278
5,Normal,2251.05,-0.847886,-2.51226
5,Normal,2251.09,-0.839466,-3.67933
5,Normal,2251.21,-0.799147,-6.84297
5,Normal,2251.25,-0.791665,-7.133
5,Normal,2251.29,-0.788596,-7.03147
5,Normal,2251.33,-0.790015,-6.44357
5,Normal,2251.37,-0.795653,-5.42097
5,Normal,2251.41,-0.804353,-4.16561
5,Normal,2251.45,-0.813729,-2.8142
5,Normal,2251.73,-0.952291,1.51901
5,Normal,2251.77,-0.955999,-0.280042
5,Normal,2251.97,-0.875438,-4.40811
5,Normal,2252.01,-0.872752,-3.34969
5,Normal,2252.05,-0.874633,-2.27086
5,Normal,2252.09,-0.880575,-1.30602
5,Normal,2252.13,-0.883261,-1.11276
5,Normal,2252.17,-0.876973,-1.97955
5,Normal,2252.41,-0.761738,-10.4308
5,Normal,2252.61,-0.846078,-5.26351
5,Normal,2252.65,-0.848826,-5.72749
5,Normal,2252.69,-0.840699,-6.0395
5,Normal,2252.93,-0.75349,-7.49589
5,Normal,2252.97,-0.744762,-7.51351
5,Normal,2253.01,-0.740114,-7.21892
5,Normal,2253.05,-0.740124,-6.63037
5,Normal,2253.09,-0.742659,-5.51729
5,Normal,2253.13,-0.747433,-3.86866
5,Normal,2253.17,-0.753873,-2.22097
5,Normal,2253.21,-0.757202,-1.25802
5,Normal,2253.93,-0.671852,-2.13138
5,Normal,2253.97,-0.672078,-2.39284
5,Normal,2254.01,-0.675358,-2.41001
5,Normal,2254.05,-0.680644,-2.29401
5,Normal,2254.09,-0.690002,-2.39688
5,Normal,2254.13,-0.699701,-3.3156
5,Normal,2254.17,-0.70551,-4.98517
5,Normal,2254.29,-0.702862,-5.51803
5,Normal,2254.33,-0.707642,-2.88589
5,Normal,2254.49,-0.763367,-0.382377
5,Normal,2254.53,-0.769517,-2.42144
5,Normal,2254.57,-0.767919,-4.44021
5,Normal,2254.61,-0.757954,-5.97347
5,Normal,2254.65,-0.744951,-6.61917
5,Normal,2254.69,-0.735298,-6.31605
5,Normal,2254.73,-0.732656,-4.98975
5,Normal,2254.77,-0.737114,-3.39832
5,Normal,2254.93,-0.795956,-1.26275
5,Normal,2254.97,-0.805713,-1.68391
5,Normal,2255.01,-0.813307,-1.7374
5,Normal,2255.05,-0.821649,-1.40726
5,Normal,2255.09,-0.831495,-0.948611
5,Normal,2255.13,-0.842888,-0.678665
5,Normal,2255.17,-0.855361,-0.80523
5,Normal,2255.21,-0.866483,-1.38326
5,Normal,2255.25,-0.872297,-2.21427
5,Normal,2255.29,-0.871217,-2.93372
5,Normal,2255.33,-0.864407,-3.36622
5,Normal,2255.37,-0.855037,-3.58958
5,Normal,2255.41,-0.843568,-3.62853
5,Normal,2255.45,-0.833873,-3.69537
5,Normal,2255.49,-0.824848,-4.07668
5,Normal,2255.53,-0.81546,-4.54231
5,Normal,2255.73,-0.746381,-5.88874
5,Normal,2255.77,-0.739156,-6.12169
5,Normal,2255.81,-0.7371,-6.37201
5,Normal,2255.85,-0.735274,-7.11896
5,Normal,2256.77,1.119,-4.83753
5,Normal,2256.81,1.11781,-3.27269
5,Normal,2256.85,1.10893,-3.63529
5,Normal,2257.01,1.04934,-5.45066
5,Normal,2257.05,1.04218,-4.97082
5,Normal,2257.09,1.04406,-4.85556
5,Normal,2257.13,1.0557,-4.84416
5,Normal,2257.17,1.066,-4.55091
5,Normal,2257.21,1.07015,-3.85054
5,Normal,2258.89,-0.913427,2.91661
5,Normal,2258.93,-0.921342,2.62227
5,Normal,2258.97,-0.924717,1.72118
5,Normal,2259.01,-0.920328,-0.00502232
5,Normal,2259.05,-0.910974,-1.53935
5,Normal,2259.13,-0.884915,-2.98746
5,Normal,2259.17,-0.873609,-2.79701
5,Normal,2259.21,-0.865568,-2.42824
5,Normal,2259.25,-0.862124,-2.45957
5,Normal,2259.29,-0.859492,-2.87276
5,Normal,2259.33,-0.856451,-3.27907
5,Normal,2259.37,-0.850723,-4.10178
5,Normal,2259.77,-0.654195,-11.8976
5,Normal,2259.81,-0.64892,-11.3042
5,Normal,2259.85,-0.652493,-10.0682
5,Normal,2259.89,-0.662708,-8.46361
5,Normal,2259.97,-0.688291,-5.66472
5,Normal,2260.01,-0.69894,-4.95792
5,Normal,2260.05,-0.709191,-4.77162
5,Normal,2260.09,-0.718386,-4.60971
5,Normal,2260.13,-0.726634,-4.33018
5,Normal,2260.17,-0.737077,-3.76504
5,Normal,2260.21,-0.74812,-3.02686
5,Normal,2260.25,-0.758306,-2.18086
5,Normal,2260.29,-0.765809,-1.66343
5,Normal,2260.33,-0.766841,-1.83348
5,Normal,2261.09,0.989372,-5.39833
5,Normal,2261.33,0.848862,4.37212
5,Normal,2261.37,0.842868,2.57415
5,Normal,2261.41,0.840651,1.76001
5,Normal,2261.45,0.835834,1.97254
5,Normal,2261.49,0.828854,2.64395
5,Normal,2261.53,0.823746,2.78003
5,Normal,2261.57,0.824945,1.87013
5,Normal,2261.61,0.833703,0.213304
5,Normal,2261.69,0.85876,-2.81786
5,Normal,2263.97,-0.727515,-2.81708
5,Normal,2264.01,-0.737483,-2.66816
5,Normal,2264.05,-0.74553,-2.5779
5,Normal,2264.09,-0.749598,-3.15286
5,Normal,2264.13,-0.751848,-4.30851
5,Normal,2264.17,-0.75605,-5.47901
5,Normal,2264.21,-0.763885,-6.52888
5,Normal,2264.25,-0.771333,-7.28742
5,Normal,2264.29,-0.775983,-7.68446
5,Normal,2264.33,-0.77879,-7.96412
5,Normal,2264.37,-0.777184,-7.89038
5,Normal,2264.61,-0.66815,-7.79303
5,Normal,2265.21,-0.887333,-0.267116
5,Normal,2265.25,-0.882587,-1.49516
5,Normal,2265.53,-0.771905,-6.83629
5,Normal,2265.89,-0.77095,-5.90172
5,Normal,2265.93,-0.773938,-4.46384
5,Normal,2265.97,-0.772852,-3.89546
5,Normal,2266.01,-0.770117,-4.54642
5,Normal,2266.05,-0.768259,-6.21483
5,Normal,2266.09,-0.764958,-8.02057
5,Normal,2266.13,-0.76208,-8.73462
5,Normal,2266.17,-0.761962,-8.09942
5,Normal,2266.21,-0.763489,-6.35653
5,Normal,2266.25,-0.767053,-4.33057
5,Normal,2266.29,-0.773232,-3.33689
5,Normal,2266.33,-0.778278,-3.56932
5,Normal,2266.37,-0.77947,-4.47505
5,Normal,2266.41,-0.775375,-5.58735
5,Normal,2266.45,-0.768381,-6.26277
5,Normal,2266.49,-0.763524,-5.85056
5,Normal,2266.53,-0.757179,-5.32148
5,Normal,2266.57,-0.750414,-4.96716
5,Normal,2266.61,-0.747655,-4.69391
5,Normal,2266.65,-0.750037,-4.47902
5,Normal,2266.69,-0.753916,-4.30198
5,Normal,2266.73,-0.764205,-3.73656
5,Normal,2266.77,-0.776322,-3.13279
5,Normal,2266.81,-0.78401,-2.69232
5,Normal,2266.85,-0.789271,-2.42704
5,Normal,2266.89,-0.78777,-2.66085
5,Normal,2266.93,-0.780831,-3.06752
5,Normal,2266.97,-0.772854,-3.31654
5,Normal,2267.01,-0.768277,-3.16273
5,Normal,2267.05,-0.765445,-2.70971
5,Normal,2267.09,-0.764238,-2.47126
5,Normal,2267.13,-0.761183,-2.53464
5,Normal,2268.05,0.775476,4.07362
5,Normal,2268.09,0.77273,4.96408
5,Normal,2268.13,0.769077,4.84488
5,Normal,2268.17,0.769572,3.91182
5,Normal,2268.37,0.85043,-0.648724
5,Normal,2268.41,0.859237,-1.57259
5,Normal,2268.45,0.864705,-1.85885
5,Normal,2268.49,0.864715,-1.41932
5,Normal,2268.53,0.862375,-0.519243
5,Normal,2268.57,0.865618,-0.231373
5,Normal,2268.77,0.937999,-4.34852
5,Normal,2269.57,-0.601662,-2.64292
5,Normal,2270.37,-0.950757,0.263718
5,Normal,2270.41,-0.959759,0.112857
5,Normal,2270.45,-0.965839,0.735332
5,Normal,2270.49,-0.963758,1.69268
5,Normal,2270.77,-0.820008,-4.55969
5,Normal,2270.81,-0.819161,-2.60554
5,Normal,2270.85,-0.825751,-1.70873
5,Normal,2270.89,-0.830796,-2.68286
5,Normal,2270.93,-0.83084,-5.19808
5,Normal,2271.41,-0.492989,-17.3013
5,Normal,2271.45,-0.493671,-15.9353
5,Normal,2272.09,-0.762001,-4.68648
5,Normal,2272.13,-0.760011,-3.48593
5,Normal,2272.73,-0.926313,2.70527
5,Normal,2272.77,-0.927662,1.386
5,Normal,2272.81,-0.93732,1.76716
5,Normal,2272.85,-0.948203,3.18669
5,Normal,2272.89,-0.961009,5.17184
5,Normal,2272.93,-0.971898,7.04739
5,Normal,2272.97,-0.978586,7.72652
5,Normal,2273.01,-0.980298,6.93518
5,Normal,2273.05,-0.980662,5.40319
5,Normal,2273.09,-0.978233,3.31891
5,Normal,2273.37,-0.813589,-4.64985
5,Normal,2273.41,-0.808151,-3.529
5,Normal,2273.45,-0.813436,-1.86609
5,Normal,2273.49,-0.82251,-0.691212
5,Normal,2273.53,-0.830949,-1.26606
5,Normal,2273.57,-0.837012,-2.37812
5,Normal,2273.61,-0.834551,-4.24709
5,Normal,2273.65,-0.826319,-5.95251
6,Sport+,2534.58,-0.623656,-2.89802
6,Sport+,2534.62,-0.624128,-1.92576
6,Sport+,2534.66,-0.629156,-1.20158
6,Sport+,2534.7,-0.638212,-1.06988
6,Sport+,2534.74,-0.648707,-1.34258
6,Sport+,2534.98,-0.731674,-1.0854
6,Sport+,2535.02,-0.739551,-0.312215
6,Sport+,2535.06,-0.741761,-0.422435
6,Sport+,2535.1,-0.738881,-1.4545
6,Sport+,2535.14,-0.7344,-2.86408
6,Sport+,2535.18,-0.730375,-3.875
6,Sport+,2535.22,-0.728153,-4.33145
6,Sport+,2535.26,-0.730073,-4.14229
6,Sport+,2535.3,-0.735466,-3.47531
6,Sport+,2535.34,-0.741831,-2.95332
6,Sport+,2535.38,-0.745956,-2.83883
6,Sport+,2535.42,-0.746538,-3.01315
6,Sport+,2536.74,1.0582,-2.57634
6,Sport+,2536.78,1.0543,-3.535
6,Sport+,2537.1,0.913541,3.88631
6,Sport+,2537.14,0.90449,4.26215
6,Sport+,2537.34,0.835874,6.86815
6,Sport+,2537.38,0.831302,6.7002
6,Sport+,2537.42,0.832612,6.22442
6,Sport+,2537.46,0.840356,5.83834
6,Sport+,2537.5,0.850564,5.51116
6,Sport+,2537.54,0.861013,4.81177
6,Sport+,2537.58,0.871444,3.69115
6,Sport+,2537.62,0.879392,2.58397
6,Sport+,2537.66,0.881856,1.69066
6,Sport+,2537.7,0.879611,1.2182
6,Sport+,2538.26,-0.698403,9.88624
6,Sport+,2538.3,-0.690286,2.26786
6,Sport+,2538.38,-0.664314,-6.39288
6,Sport+,2538.42,-0.663702,-6.79151
6,Sport+,2538.94,-0.842195,-1.04202
6,Sport+,2538.98,-0.841812,-1.85953
6,Sport+,2539.02,-0.843919,-2.97777
6,Sport+,2539.06,-0.848501,-3.48786
6,Sport+,2539.1,-0.851413,-3.05537
6,Sport+,2539.14,-0.853031,-2.22513
6,Sport+,2539.18,-0.850019,-1.96121
6,Sport+,2539.42,-0.754967,-6.56865
6,Sport+,2539.46,-0.750633,-5.88603
6,Sport+,2539.5,-0.74843,-5.28201
6,Sport+,2539.54,-0.745617,-4.97054
6,Sport+,2539.58,-0.740842,-4.8646
6,Sport+,2539.62,-0.734804,-4.82372
6,Sport+,2539.66,-0.728423,-4.62331
6,Sport+,2539.7,-0.723196,-4.13488
6,Sport+,2539.74,-0.719313,-3.45489
6,Sport+,2539.78,-0.716006,-2.7349
6,Sport+,2539.82,-0.71168,-2.18065
6,Sport+,2540.82,0.927767,-2.06249
6,Sport+,2540.86,0.933625,-1.18833
6,Sport+,2540.9,0.940675,-1.0412
6,Sport+,2540.94,0.952049,-1.31299
6,Sport+,2540.98,0.963942,-1.23496
6,Sport+,2541.02,0.973959,-0.554985
6,Sport+,2541.06,0.976755,0.702293
6,Sport+,2541.1,0.971385,1.51763
6,Sport+,2541.26,0.921828,1.89405
6,Sport+,2541.3,0.916675,2.97718
6,Sport+,2541.34,0.914787,3.72948
6,Sport+,2541.38,0.913339,3.71142
6,Sport+,2541.42,0.911055,3.01128
6,Sport+,2541.46,0.905104,2.55049
6,Sport+,2542.18,-1.09213,6.34149
6,Sport+,2542.42,-0.977867,-1.53376
6,Sport+,2542.54,-1.00673,4.72767
6,Sport+,2542.58,-1.00984,6.70921
6,Sport+,2542.62,-1.00385,6.45795
6,Sport+,2542.66,-0.993321,4.37843
6,Sport+,2542.7,-0.983243,1.76714
6,Sport+,2542.74,-0.980456,0.298046
6,Sport+,2542.78,-0.984769,0.588881
6,Sport+,2542.82,-0.991323,2.01799
6,Sport+,2542.86,-0.995426,3.67778
6,Sport+,2542.9,-0.995203,4.30883
6,Sport+,2542.94,-0.994009,3.96049
6,Sport+,2542.98,-0.992038,3.14581
6,Sport+,2543.02,-0.990973,2.34687
6,Sport+,2543.06,-0.989887,1.58323
6,Sport+,2543.1,-0.989694,1.24991
6,Sport+,2543.14,-0.990218,1.1011
6,Sport+,2543.18,-0.987687,0.826898
6,Sport+,2543.74,1.30878,-27.3871
6,Sport+,2545.02,0.874299,3.09943
6,Sport+,2545.06,0.879203,3.51881
6,Sport+,2545.1,0.883277,2.48987
6,Sport+,2545.14,0.892379,1.09536
6,Sport+,2545.3,0.947798,1.69503
6,Sport+,2545.34,0.945153,2.08234
6,Sport+,2545.42,0.917832,2.93902
6,Sport+,2545.46,0.910883,3.72434
6,Sport+,2545.5,0.910727,4.28436
6,Sport+,2545.54,0.91137,4.41209
6,Sport+,2545.58,0.910153,4.49609
6,Sport+,2545.62,0.904193,4.7372
6,Sport+,2545.66,0.895494,5.10677
6,Sport+,2545.7,0.889478,5.45879
6,Sport+,2545.74,0.888043,5.44027
6,Sport+,2545.78,0.892843,4.68534
6,Sport+,2545.82,0.901669,3.79322
6,Sport+,2545.94,0.939473,2.94606
6,Sport+,2545.98,0.948877,3.48128
6,Sport+,2546.02,0.955291,3.62875
6,Sport+,2546.06,0.9569,3.04864
6,Sport+,2546.1,0.956327,1.59839
6,Sport+,2546.14,0.95525,-0.244887
6,Sport+,2546.18,0.956967,-1.81075
6,Sport+,2546.22,0.959172,-2.47355
6,Sport+,2546.26,0.964525,-2.3712
6,Sport+,2546.3,0.975073,-1.82235
6,Sport+,2546.34,0.984643,-1.23936
6,Sport+,2546.38,0.992867,-1.03067
6,Sport+,2546.42,0.9969,-1.23361
6,Sport+,2546.46,0.994191,-1.56556
6,Sport+,2546.5,0.987016,-1.26802
6,Sport+,2547.26,0.391891,36.3348
6,Sport+,2547.82,0.892372,0.307892
6,Sport+,2547.86,0.899646,-0.280451
6,Sport+,2547.9,0.907639,-0.365453
6,Sport+,2547.94,0.912809,0.355746
6,Sport+,2547.98,0.914665,1.49537
6,Sport+,2548.02,0.913812,2.12342
6,Sport+,2548.06,0.909658,1.78047
6,Sport+,2548.1,0.903343,1.07556
6,Sport+,2548.14,0.895021,1.13047
6,Sport+,2548.26,0.857831,5.81077
6,Sport+,2548.3,0.850737,5.6936
6,Sport+,2548.34,0.852757,4.37465
6,Sport+,2548.38,0.860177,3.24151
6,Sport+,2548.42,0.871694,3.06219
6,Sport+,2548.58,0.922318,1.34925
6,Sport+,2548.62,0.930026,0.621848
6,Sport+,2548.66,0.929632,1.1462
6,Sport+,2548.7,0.922293,2.42611
6,Sport+,2548.74,0.913212,3.65514
6,Sport+,2548.78,0.907037,4.29507
6,Sport+,2548.82,0.90305,4.30819
6,Sport+,2548.86,0.904436,3.7204
6,Sport+,2548.9,0.90749,3.27356
6,Sport+,2548.94,0.908801,3.20572
6,Sport+,2548.98,0.909828,3.28301
6,Sport+,2549.02,0.908323,3.41193
6,Sport+,2549.06,0.90348,3.47451
6,Sport+,2549.1,0.89783,3.25337
6,Sport+,2549.14,0.892606,2.66478
6,Sport+,2549.18,0.889641,2.30509
6,Sport+,2549.22,0.89336,2.22154
6,Sport+,2549.26,0.902667,2.51233
6,Sport+,2549.3,0.912311,3.10567
6,Sport+,2549.34,0.921156,3.35727
6,Sport+,2549.38,0.927905,2.91296
6,Sport+,2549.42,0.933744,2.21309
6,Sport+,2549.46,0.933704,1.85736
6,Sport+,2549.5,0.928111,2.12818
6,Sport+,2549.54,0.921137,2.93612
6,Sport+,2549.58,0.912384,3.71649
6,Sport+,2549.62,0.901535,3.90051
6,Sport+,2549.66,0.890003,3.45808
6,Sport+,2549.7,0.879052,2.83227
6,Sport+,2549.74,0.872264,2.31214
6,Sport+,2549.78,0.870962,2.12944
6,Sport+,2549.82,0.872986,2.22838
6,Sport+,2549.86,0.878436,2.09498
6,Sport+,2549.9,0.884843,1.57716
6,Sport+,2549.94,0.890957,0.825797
6,Sport+,2549.98,0.895374,0.257779
6,Sport+,2550.02,0.89622,0.317305
6,Sport+,2550.06,0.891922,1.13651
6,Sport+,2550.74,-0.58902,-11.1837
6,Sport+,2550.78,-0.595068,-7.75707
6,Sport+,2550.82,-0.596361,-4.50356
6,Sport+,2550.86,-0.59604,-2.18086
6,Sport+,2550.9,-0.595235,-0.974434
6,Sport+,2550.94,-0.593867,-1.19034
6,Sport+,2550.98,-0.594613,-2.80991
6,Sport+,2551.02,-0.600955,-4.63799
6,Sport+,2551.5,-0.852305,0.92514
6,Sport+,2551.54,-0.848313,-1.48739
6,Sport+,2555.22,0.98748,-7.29642
6,Sport+,2555.26,0.992698,-6.96514
6,Sport+,2555.3,0.998591,-6.43567
6,Sport+,2555.34,1.0068,-5.40898
6,Sport+,2555.38,1.01554,-4.0188
6,Sport+,2555.42,1.02436,-2.9133
6,Sport+,2555.46,1.03242,-2.44436
6,Sport+,2555.5,1.03962,-2.62842
6,Sport+,2555.54,1.04758,-3.44989
6,Sport+,2555.58,1.05468,-4.10709
6,Sport+,2555.62,1.05603,-4.03387
6,Sport+,2557.26,-0.730838,-0.239508
6,Sport+,2557.3,-0.734278,-1.20221
6,Sport+,2557.34,-0.73324,-1.99923
6,Sport+,2557.38,-0.730895,-2.76387
6,Sport+,2557.42,-0.726295,-3.50696
6,Sport+,2557.46,-0.720402,-3.90157
6,Sport+,2557.5,-0.716973,-3.89038
6,Sport+,2557.54,-0.717467,-3.60406
6,Sport+,2557.58,-0.721857,-2.88686
6,Sport+,2557.62,-0.729132,-2.04781
6,Sport+,2557.66,-0.739052,-1.52285
6,Sport+,2558.06,-0.920511,3.47394
6,Sport+,2558.1,-0.929428,3.61227
6,Sport+,2558.14,-0.93298,3.25706
6,Sport+,2558.18,-0.931021,2.38539
6,Sport+,2558.22,-0.924572,1.14952
6,Sport+,2558.26,-0.914488,0.0564254
6,Sport+,2558.3,-0.90471,-0.62534
6,Sport+,2558.34,-0.898776,-0.864951
6,Sport+,2558.38,-0.894982,-0.888956
6,Sport+,2558.42,-0.891091,-0.990357
6,Sport+,2558.46,-0.885653,-1.59605
6,Sport+,2558.5,-0.878536,-2.66986
6,Sport+,2558.54,-0.868882,-3.87476
6,Sport+,2558.74,-0.80595,-7.47217
6,Sport+,2559.02,-0.717453,-9.09799
6,Sport+,2559.06,-0.706909,-8.99993
6,Sport+,2559.1,-0.698145,-8.58536
6,Sport+,2559.14,-0.692543,-7.98957
6,Sport+,2559.18,-0.690935,-6.9497
6,Sport+,2559.22,-0.694477,-5.25707
6,Sport+,2559.26,-0.703394,-3.32103
6,Sport+,2559.5,-0.80539,0.142831
6,Sport+,2559.54,-0.813609,-1.04784
6,Sport+,2559.58,-0.816269,-2.53547
6,Sport+,2559.62,-0.812035,-4.16703
6,Sport+,2559.66,-0.802085,-5.29482
6,Sport+,2559.74,-0.776575,-4.67815
6,Sport+,2559.78,-0.767823,-3.16694
6,Sport+,2559.82,-0.765402,-1.37949
6,Sport+,2559.86,-0.772682,0.232862
6,Sport+,2560.06,-0.856221,-1.07667
6,Sport+,2560.1,-0.855929,-1.8379
6,Sport+,2560.14,-0.851089,-2.35828
6,Sport+,2560.18,-0.845408,-2.37541
6,Sport+,2560.22,-0.842189,-1.73583
6,Sport+,2560.26,-0.843613,-0.615959
6,Sport+,2560.3,-0.852845,0.578636
6,Sport+,2560.5,-0.929938,-0.563327
6,Sport+,2560.54,-0.931137,-1.76904
6,Sport+,2560.74,-0.857275,-3.90049
6,Sport+,2560.78,-0.847379,-2.82046
6,Sport+,2560.82,-0.843212,-2.10052
6,Sport+,2560.86,-0.839795,-2.4043
6,Sport+,2560.9,-0.835195,-3.47763
6,Sport+,2560.94,-0.830031,-5.01977
6,Sport+,2560.98,-0.823115,-6.38936
6,Sport+,2561.02,-0.817136,-6.81007
6,Sport+,2561.06,-0.814619,-6.25909
6,Sport+,2561.1,-0.817477,-4.89906
6,Sport+,2561.46,-1.04003,4.01162
6,Sport+,2561.5,-1.04194,2.93932
6,Sport+,2561.78,-0.878311,-2.8612
6,Sport+,2561.82,-0.875033,-2.95595
6,Sport+,2561.86,-0.879407,-2.77721
6,Sport+,2561.9,-0.886619,-2.88733
6,Sport+,2561.94,-0.892448,-3.59925
6,Sport+,2561.98,-0.894632,-4.69154
6,Sport+,2562.02,-0.891364,-5.85247
6,Sport+,2562.06,-0.882104,-6.89835
6,Sport+,2562.46,-0.732312,-9.97242
6,Sport+,2562.5,-0.723558,-9.70067
6,Sport+,2562.54,-0.7194,-9.567
6,Sport+,2562.58,-0.721215,-9.67105
6,Sport+,2562.62,-0.728598,-9.83554
6,Sport+,2562.86,-0.833967,-5.87451
6,Sport+,2562.9,-0.839218,-5.2584
6,Sport+,2562.94,-0.838634,-4.81192
6,Sport+,2562.98,-0.833837,-4.33427
6,Sport+,2563.02,-0.828121,-3.49436
6,Sport+,2563.06,-0.822116,-2.72131
6,Sport+,2563.1,-0.815717,-2.50146
6,Sport+,2563.14,-0.810353,-3.10294
6,Sport+,2563.18,-0.808206,-3.99962
6,Sport+,2563.22,-0.809253,-4.72717
6,Sport+,2563.26,-0.811544,-4.99662
6,Sport+,2563.3,-0.811587,-4.89346
6,Sport+,2563.62,-0.596925,-9.50846
6,Sport+,2563.66,-0.5933,-9.8304
6,Sport+,2563.7,-0.594511,-9.33074
6,Sport+,2563.74,-0.596498,-7.9269
6,Sport+,2563.78,-0.596962,-5.70118
6,Sport+,2563.82,-0.594526,-3.51349
6,Sport+,2563.86,-0.589816,-2.14399
6,Sport+,2563.9,-0.587631,-1.47469
6,Sport+,2563.94,-0.592703,-0.955283
6,Sport+,2564.26,-0.781553,-1.24444
6,Sport+,2564.3,-0.775602,-3.08898
6,Sport+,2564.46,-0.703924,-5.1592
6,Sport+,2564.5,-0.698566,-3.49733
6,Sport+,2564.54,-0.702268,-2.17575
6,Sport+,2564.58,-0.711854,-1.46265
6,Sport+,2564.74,-0.769157,-2.64189
6,Sport+,2564.78,-0.778196,-3.38451
6,Sport+,2564.82,-0.783037,-4.23844
6,Sport+,2564.86,-0.78293,-4.92453
6,Sport+,2564.9,-0.781887,-4.84015
6,Sport+,2564.94,-0.785532,-3.57807
6,Sport+,2565.14,-0.871433,0.181049
6,Sport+,2565.18,-0.872548,-1.17249
6,Sport+,2565.66,-0.654702,-7.52974
6,Sport+,2565.7,-0.649667,-7.53175
6,Sport+,2565.74,-0.650632,-7.12543
6,Sport+,2565.78,-0.65349,-6.37409
6,Sport+,2565.82,-0.657945,-5.25214
6,Sport+,2565.86,-0.663011,-4.03089
6,Sport+,2565.9,-0.668383,-2.84212
6,Sport+,2565.94,-0.676753,-1.51042
6,Sport+,2565.98,-0.687462,-0.431884
6,Sport+,2566.02,-0.698183,-0.162114
6,Sport+,2566.06,-0.702721,-0.991078
6,Sport+,2567.38,1.06092,-8.25103
6,Sport+,2567.42,1.06129,-6.01689
6,Sport+,2567.46,1.06341,-5.06579
6,Sport+,2567.5,1.06634,-5.96528
6,Sport+,2567.54,1.07276,-8.43227
6,Sport+,2567.58,1.08238,-11.2033
6,Sport+,2567.66,1.11013,-13.1479
6,Sport+,2567.7,1.118,-11.1272
6,Sport+,2567.74,1.11429,-8.54515
6,Sport+,2567.86,1.0735,-7.57888
6,Sport+,2567.9,1.06779,-8.59715
6,Sport+,2568.78,-0.601858,-13.4126
6,Sport+,2568.94,-0.687445,-6.42387
6,Sport+,2569.1,-0.61654,-4.47532
6,Sport+,2569.54,-1.01362,4.54604
6,Sport+,2569.58,-1.02147,3.20568
6,Sport+,2569.62,-1.01614,2.31437
6,Sport+,2570.1,-0.76675,-8.42187
6,Sport+,2570.14,-0.757618,-8.14296
6,Sport+,2570.18,-0.753713,-7.58607
6,Sport+,2570.22,-0.753132,-7.06827
6,Sport+,2570.26,-0.753176,-6.96576
6,Sport+,2570.3,-0.751442,-7.28737
6,Sport+,2570.34,-0.748883,-7.85658
6,Sport+,2570.38,-0.746208,-8.14528
6,Sport+,2570.42,-0.743983,-7.78554
6,Sport+,2570.46,-0.7407,-7.25728
6,Sport+,2571.26,0.896948,-0.570672
6,Sport+,2571.3,0.904131,-1.61907
6,Sport+,2571.34,0.907545,-1.44835
6,Sport+,2571.38,0.905056,0.148557
6,Sport+,2571.42,0.895554,2.31843
6,Sport+,2571.46,0.88311,3.82522
6,Sport+,2571.5,0.87273,3.60216
6,Sport+,2571.54,0.869067,1.77058
6,Sport+,2571.58,0.871724,-0.393608
6,Sport+,2571.62,0.877184,-1.67213
6,Sport+,2571.66,0.884568,-1.64304
6,Sport+,2571.7,0.890808,-0.883471
6,Sport+,2571.74,0.895334,-0.448684
6,Sport+,2571.78,0.90417,-0.790374
6,Sport+,2571.86,0.929658,-1.88503
6,Sport+,2571.9,0.937782,-1.36847
6,Sport+,2571.94,0.93933,0.161311
6,Sport+,2571.98,0.932163,1.75295
6,Sport+,2574.02,-0.78117,0.411489
6,Sport+,2574.06,-0.78807,1.50829
6,Sport+,2574.1,-0.795451,1.952
6,Sport+,2574.14,-0.803858,1.50899
6,Sport+,2574.18,-0.813439,0.0876419
6,Sport+,2574.22,-0.823209,-1.97398
6,Sport+,2574.26,-0.830567,-4.00846
6,Sport+,2574.3,-0.83484,-5.41718
6,Sport+,2574.34,-0.83723,-5.90979
6,Sport+,2574.38,-0.83894,-5.73997
6,Sport+,2574.62,-0.836174,-3.39822
6,Sport+,2574.66,-0.833299,-2.50316
6,Sport+,2574.7,-0.831873,-1.90497
6,Sport+,2574.74,-0.830901,-1.86795
6,Sport+,2574.78,-0.830758,-2.10532
6,Sport+,2574.82,-0.830474,-2.41536
6,Sport+,2574.86,-0.828667,-2.87694
6,Sport+,2574.9,-0.825952,-3.38357
6,Sport+,2574.94,-0.820426,-4.45993
6,Sport+,2575.06,-0.781857,-9.37555
6,Sport+,2575.1,-0.771694,-8.88275
6,Sport+,2575.14,-0.766452,-7.39959
6,Sport+,2575.18,-0.767702,-5.86785
6,Sport+,2575.62,-0.797952,-3.36064
6,Sport+,2575.66,-0.799919,-1.9662
6,Sport+,2575.7,-0.800678,-1.60188
6,Sport+,2575.74,-0.799064,-3.02747
6,Sport+,2575.78,-0.800297,-5.09832
6,Sport+,2575.82,-0.804568,-6.68638
6,Sport+,2575.86,-0.810791,-6.96594
6,Sport+,2576.02,-0.861637,1.0102
6,Sport+,2576.06,-0.868845,0.254288
6,Sport+,2576.1,-0.87171,-2.03832
6,Sport+,2576.14,-0.874127,-4.06175
6,Sport+,2576.18,-0.876599,-4.8216
6,Sport+,2576.22,-0.87523,-4.4979
6,Sport+,2576.26,-0.873456,-3.29596
6,Sport+,2576.3,-0.87351,-2.26226
6,Sport+,2576.34,-0.871794,-2.33281
6,Sport+,2576.38,-0.867356,-3.31769
6,Sport+,2576.42,-0.862621,-4.15428
6,Sport+,2576.46,-0.857129,-4.2533
6,Sport+,2576.5,-0.852399,-3.42809
6,Sport+,2576.54,-0.847153,-2.41119
6,Sport+,2576.58,-0.840322,-2.13729
6,Sport+,2576.62,-0.831,-3.08771
6,Sport+,2576.66,-0.823026,-4.92006
6,Sport+,2576.7,-0.816999,-6.73321
6,Sport+,2576.74,-0.814233,-7.73619
6,Sport+,2576.78,-0.814171,-7.76055
6,Sport+,2576.82,-0.812071,-7.08531
6,Sport+,2576.86,-0.807941,-5.99684
6,Sport+,2576.9,-0.799948,-5.19465
6,Sport+,2577.02,-0.761362,-5.33624
6,Sport+,2577.06,-0.751582,-5.81811
6,Sport+,2577.1,-0.744916,-6.39349
6,Sport+,2577.14,-0.737208,-6.9136
6,Sport+,2577.18,-0.728748,-6.94653
6,Sport+,2577.22,-0.719765,-6.24306
6,Sport+,2578.06,0.975539,-1.95317
6,Sport+,2578.1,0.965161,3.46711
6,Sport+,2578.14,0.954476,6.35411
6,Sport+,2578.18,0.947833,5.73704
6,Sport+,2578.22,0.949974,2.71345
6,Sport+,2578.26,0.959472,-0.185401
6,Sport+,2578.3,0.963542,-0.868605
6,Sport+,2578.62,0.766161,7.31038
6,Sport+,2578.66,0.757351,7.77905
6,Sport+,2578.7,0.751966,7.43513
6,Sport+,2578.74,0.747843,6.3032
6,Sport+,2580.78,-0.739072,-11.6404
6,Sport+,2580.82,-0.738956,-10.6373
6,Sport+,2580.86,-0.748418,-9.31493
6,Sport+,2580.94,-0.773087,-7.17156
6,Sport+,2580.98,-0.782326,-7.24434
6,Sport+,2581.02,-0.78256,-8.54218
6,Sport+,2581.3,-0.611923,-14.1259
6,Sport+,2581.34,-0.606485,-12.0026
6,Sport+,2581.38,-0.609135,-9.98948
6,Sport+,2581.42,-0.61692,-8.59132
6,Sport+,2581.46,-0.624082,-7.63682
6,Sport+,2581.5,-0.628936,-6.93612
6,Sport+,2581.54,-0.633962,-6.16822
6,Sport+,2581.86,-0.785073,-1.86608
6,Sport+,2581.9,-0.792594,-2.51616
6,Sport+,2581.94,-0.80152,-2.477
6,Sport+,2581.98,-0.8108,-1.86609
6,Sport+,2582.02,-0.821159,-0.893026
6,Sport+,2582.06,-0.83047,-0.231062
6,Sport+,2582.1,-0.836894,-0.307493
6,Sport+,2582.14,-0.838042,-0.936185
6,Sport+,2582.18,-0.832912,-1.59506
6,Sport+,2582.22,-0.823468,-1.94939
6,Sport+,2582.26,-0.811379,-1.67458
6,Sport+,2582.3,-0.802281,-0.957231
6,Sport+,2582.34,-0.802543,-0.305391
6,Sport+,2582.38,-0.811695,0.175601
6,Sport+,2582.46,-0.836,0.135415
6,Sport+,2582.5,-0.842625,-0.23676
6,Sport+,2582.54,-0.838784,-0.986778
6,Sport+,2582.78,-0.746422,-5.38283
6,Sport+,2582.82,-0.737395,-5.56354
6,Sport+,2582.86,-0.732159,-5.76353
6,Sport+,2582.9,-0.726247,-6.23837
6,Sport+,2582.94,-0.719687,-6.85071
6,Sport+,2583.14,-0.64502,-10.3256
6,Sport+,2583.18,-0.63575,-9.80393
6,Sport+,2583.22,-0.633335,-8.93977
6,Sport+,2583.26,-0.635253,-7.92739
6,Sport+,2583.3,-0.642312,-6.69962
6,Sport+,2583.58,-0.750236,-0.946636
6,Sport+,2583.62,-0.755073,-1.17787
6,Sport+,2583.66,-0.755032,-1.49515
6,Sport+,2583.7,-0.753436,-1.47862
6,Sport+,2583.74,-0.754675,-0.856182
